"Y","Version","SocInf"
0,"CF","II"
1,"CF","II"
0,"CF","II"
0,"CF","II"
0,"CF","II"
0,"CF","II"
0,"CF","II"
0,"CF","II"
0,"CF","II"
1,"CF","II"
0,"CF","II"
0,"CF","II"
0,"CF","II"
0,"CF","II"
0,"CF","II"
0,"CF","II"
0,"CF","II"
0,"CF","II"
0,"CF","II"
0,"CF","II"
0,"CF","II"
1,"CF","II"
0,"CF","II"
1,"CF","II"
0,"CF","II"
0,"CF","II"
0,"CF","II"
0,"CF","II"
0,"CF","II"
0,"CF","II"
0,"CF","II"
0,"CF","II"
0,"CF","II"
0,"CF","II"
0,"CF","II"
0,"CF","II"
0,"CF","II"
1,"CF","II"
0,"CF","II"
0,"CF","II"
0,"CF","II"
0,"CF","II"
0,"CF","II"
1,"CF","II"
0,"CF","II"
0,"CF","II"
0,"CF","II"
0,"CF","II"
0,"CF","II"
0,"CF","II"
0,"CF","II"
1,"CF","II"
0,"CF","II"
0,"CF","II"
0,"CF","II"
0,"CF","II"
0,"CF","II"
0,"CF","II"
0,"CF","II"
0,"CF","II"
0,"CF","II"
0,"CF","II"
1,"CF","II"
0,"CF","II"
0,"CF","II"
0,"CF","II"
0,"CF","II"
0,"CF","II"
0,"CF","II"
0,"CF","II"
0,"CF","II"
0,"CF","II"
0,"CF","II"
0,"CF","II"
0,"CF","II"
0,"CF","II"
0,"CF","II"
0,"CF","II"
1,"CF","II"
0,"CF","II"
0,"CF","II"
0,"CF","II"
0,"CF","II"
0,"CF","II"
0,"CF","II"
0,"CF","II"
0,"CF","II"
0,"CF","II"
1,"CF","II"
0,"CF","II"
1,"CF","II"
1,"CF","II"
0,"CF","II"
0,"CF","II"
0,"CF","II"
0,"CF","II"
0,"CF","II"
0,"CF","II"
0,"CF","II"
0,"CF","II"
0,"CF","II"
0,"CF","II"
0,"CF","II"
0,"CF","II"
0,"CF","II"
0,"CF","II"
0,"CF","II"
0,"CF","II"
0,"CF","II"
0,"CF","II"
1,"CF","II"
0,"CF","II"
1,"CF","II"
0,"CF","II"
0,"CF","II"
0,"CF","II"
0,"CF","II"
0,"CF","II"
0,"CF","II"
1,"CF","II"
0,"CF","II"
0,"CF","II"
0,"CF","II"
0,"CF","II"
0,"CF","II"
0,"CF","II"
1,"CF","II"
0,"CF","II"
0,"CF","II"
0,"CF","II"
0,"CF","II"
0,"CF","II"
0,"CF","II"
0,"CF","II"
0,"CF","II"
0,"CF","II"
0,"CF","II"
0,"CF","II"
0,"CF","II"
0,"CF","II"
0,"CF","II"
0,"CF","II"
0,"CF","II"
0,"CF","II"
0,"CF","II"
0,"CF","II"
0,"CF","II"
0,"CF","II"
0,"CF","II"
0,"CF","II"
1,"CF","II"
0,"CF","II"
0,"CF","II"
0,"CF","II"
0,"CF","II"
0,"CF","II"
0,"CF","II"
0,"CF","II"
0,"CF","II"
0,"CF","II"
0,"CF","II"
1,"CF","II"
0,"CF","II"
0,"CF","II"
0,"CF","II"
0,"CF","II"
0,"CF","II"
1,"CF","II"
1,"CF","II"
0,"CF","II"
1,"CF","II"
1,"CF","II"
0,"CF","II"
0,"CF","II"
1,"CF","II"
0,"CF","II"
0,"CF","II"
0,"CF","II"
0,"CF","II"
0,"CF","II"
0,"CF","II"
0,"CF","II"
0,"CF","II"
0,"CF","II"
0,"CF","II"
0,"CF","II"
0,"CF","II"
1,"CF","II"
0,"CF","II"
0,"CF","II"
0,"CF","II"
0,"CF","II"
0,"CF","II"
0,"CF","II"
0,"CF","II"
0,"CF","II"
0,"CF","II"
0,"CF","II"
0,"CF","II"
0,"CF","II"
1,"CF","II"
0,"CF","II"
0,"CF","II"
0,"CF","II"
0,"CF","II"
0,"CF","II"
0,"CF","II"
0,"CF","II"
0,"CF","II"
0,"CF","II"
1,"CF","II"
0,"CF","II"
0,"CF","II"
0,"CF","II"
1,"CF","II"
0,"CF","II"
0,"CF","II"
0,"CF","II"
0,"CF","II"
0,"CF","II"
0,"CF","II"
0,"CF","II"
0,"CF","II"
0,"CF","II"
0,"CF","II"
0,"CF","II"
0,"CF","II"
0,"CF","II"
0,"CF","II"
1,"CF","II"
0,"CF","II"
0,"CF","II"
0,"CF","II"
0,"CF","II"
1,"CF","II"
0,"CF","II"
0,"CF","II"
0,"CF","II"
0,"CF","II"
0,"CF","II"
0,"CF","II"
0,"CF","II"
0,"CF","II"
0,"CF","II"
0,"CF","II"
0,"CF","II"
0,"CF","II"
1,"CF","II"
0,"CF","II"
0,"CF","II"
0,"CF","II"
0,"CF","II"
0,"CF","II"
0,"CF","II"
0,"CF","II"
0,"CF","II"
0,"CF","II"
0,"CF","II"
0,"CF","II"
0,"CF","II"
0,"CF","II"
0,"CF","II"
0,"CF","II"
0,"CF","II"
0,"CF","II"
1,"CF","II"
0,"CF","II"
0,"CF","II"
1,"CF","II"
0,"CF","II"
0,"CF","II"
0,"CF","II"
0,"CF","II"
1,"CF","II"
0,"CF","II"
0,"CF","II"
0,"CF","II"
0,"CF","II"
0,"CF","II"
0,"CF","II"
0,"CF","II"
0,"CF","II"
0,"CF","II"
0,"CF","II"
0,"CF","II"
0,"CF","II"
0,"CF","II"
1,"CF","II"
0,"CF","II"
1,"CF","II"
0,"CF","II"
1,"CF","II"
0,"CF","II"
0,"CF","II"
0,"CF","II"
1,"CF","II"
0,"CF","II"
0,"CF","II"
0,"CF","II"
0,"CF","II"
0,"CF","II"
0,"CF","II"
0,"CF","II"
0,"CF","II"
0,"CF","II"
0,"CF","II"
0,"CF","II"
0,"CF","II"
1,"CF","II"
0,"CF","II"
0,"CF","II"
0,"CF","II"
0,"CF","II"
0,"CF","II"
1,"CF","II"
1,"CF","II"
0,"CF","II"
0,"CF","II"
0,"CF","II"
0,"CF","II"
0,"CF","II"
0,"CF","II"
1,"CF","II"
0,"CF","II"
0,"CF","II"
0,"CF","II"
0,"CF","II"
0,"CF","II"
0,"CF","II"
0,"CF","II"
0,"CF","II"
0,"CF","II"
0,"CF","II"
0,"CF","II"
0,"CF","II"
1,"CF","II"
0,"CF","II"
1,"CF","II"
1,"CF","II"
1,"CF","II"
0,"CF","II"
0,"CF","II"
0,"CF","II"
0,"CF","II"
1,"CF","II"
0,"CF","II"
0,"CF","II"
0,"CF","II"
0,"CF","II"
0,"CF","II"
0,"CF","II"
0,"CF","II"
0,"CF","II"
0,"CF","II"
0,"CF","II"
0,"CF","II"
1,"CF","II"
1,"CF","II"
0,"CF","II"
0,"CF","II"
0,"CF","II"
0,"CF","II"
0,"CF","II"
0,"CF","II"
0,"CF","II"
0,"CF","II"
0,"CF","II"
0,"CF","II"
0,"CF","II"
1,"CF","II"
0,"CF","II"
0,"CF","II"
0,"CF","II"
0,"CF","II"
0,"CF","II"
0,"CF","II"
0,"CF","II"
0,"CF","II"
0,"CF","II"
0,"CF","II"
1,"CF","II"
0,"CF","II"
0,"CF","II"
0,"CF","II"
0,"CF","II"
0,"CF","II"
0,"CF","II"
0,"CF","II"
0,"CF","II"
0,"CF","II"
0,"CF","II"
0,"CF","II"
0,"CF","II"
0,"CF","II"
0,"CF","II"
0,"CF","II"
0,"CF","II"
0,"CF","II"
0,"CF","II"
0,"CF","II"
0,"CF","II"
0,"CF","II"
0,"CF","II"
1,"CF","II"
0,"CF","II"
1,"CF","II"
0,"CF","II"
0,"CF","II"
0,"CF","II"
1,"CF","II"
1,"CF","II"
0,"CF","II"
0,"CF","II"
0,"CF","II"
1,"CF","II"
0,"CF","II"
0,"CF","II"
0,"CF","II"
0,"CF","II"
1,"CF","II"
1,"CF","II"
0,"CF","II"
0,"CF","II"
0,"CF","II"
0,"CF","II"
0,"CF","II"
0,"CF","II"
0,"CF","II"
0,"CF","II"
0,"CF","II"
0,"CF","II"
0,"CF","II"
0,"CF","II"
0,"CF","II"
0,"CF","II"
1,"CF","II"
0,"CF","II"
0,"CF","II"
0,"CF","II"
0,"CF","II"
0,"CF","II"
0,"CF","II"
0,"CF","II"
1,"CF","II"
0,"CF","II"
1,"CF","II"
0,"CF","II"
1,"CF","II"
0,"CF","II"
1,"CF","II"
0,"CF","II"
0,"CF","II"
0,"CF","II"
0,"CF","II"
0,"CF","II"
0,"CF","II"
0,"CF","II"
0,"CF","II"
0,"CF","II"
0,"CF","II"
0,"CF","II"
0,"CF","II"
1,"CF","II"
0,"CF","II"
0,"CF","II"
0,"CF","II"
0,"CF","II"
0,"CF","II"
0,"CF","II"
0,"CF","II"
0,"CF","II"
0,"CF","II"
0,"CF","II"
0,"CF","II"
0,"CF","II"
1,"CF","II"
0,"CF","II"
0,"CF","II"
0,"CF","II"
0,"CF","II"
0,"CF","II"
0,"CF","II"
0,"CF","II"
0,"CF","II"
0,"CF","II"
0,"CF","II"
0,"CF","II"
1,"CF","II"
0,"CF","II"
0,"CF","II"
0,"CF","II"
0,"CF","II"
0,"CF","II"
0,"CF","II"
0,"CF","II"
0,"CF","II"
0,"CF","II"
0,"CF","II"
0,"CF","II"
0,"CF","II"
0,"CF","II"
1,"CF","II"
0,"CF","II"
0,"CF","II"
1,"CF","II"
0,"CF","II"
0,"CF","II"
0,"CF","II"
0,"CF","II"
1,"CF","II"
1,"CF","II"
0,"CF","II"
0,"CF","II"
1,"CF","II"
0,"CF","II"
0,"CF","II"
0,"CF","II"
0,"CF","II"
0,"CF","II"
0,"CF","II"
0,"CF","II"
0,"CF","II"
0,"CF","II"
0,"CF","II"
1,"CF","II"
1,"CF","II"
1,"CF","II"
0,"CF","II"
0,"CF","II"
0,"CF","II"
0,"CF","II"
0,"CF","II"
0,"CF","II"
1,"CF","II"
0,"CF","II"
0,"CF","II"
0,"CF","II"
0,"CF","II"
0,"CF","II"
0,"CF","II"
1,"CF","II"
0,"CF","II"
1,"CF","II"
1,"CF","II"
0,"CF","II"
0,"CF","II"
0,"CF","II"
1,"CF","II"
0,"CF","II"
0,"CF","II"
0,"CF","II"
0,"CF","II"
0,"CF","II"
0,"CF","II"
1,"CF","II"
0,"CF","II"
0,"CF","II"
0,"CF","II"
0,"CF","II"
0,"CF","II"
0,"CF","II"
0,"CF","II"
0,"CF","II"
1,"CF","II"
0,"CF","II"
0,"CF","II"
0,"CF","II"
0,"CF","II"
0,"CF","II"
0,"CF","II"
0,"CF","II"
1,"CF","II"
0,"CF","II"
0,"CF","II"
0,"CF","II"
0,"CF","II"
0,"CF","II"
0,"CF","II"
0,"CF","II"
0,"CF","II"
0,"CF","II"
0,"CF","II"
0,"CF","II"
0,"CF","II"
1,"CF","II"
1,"CF","II"
0,"CF","II"
1,"CF","II"
0,"CF","II"
0,"CF","II"
1,"CF","II"
0,"CF","II"
0,"CF","II"
0,"CF","II"
0,"CF","II"
0,"CF","II"
0,"CF","II"
1,"CF","II"
0,"CF","II"
0,"CF","II"
0,"CF","II"
1,"CF","II"
0,"CF","II"
0,"CF","II"
0,"CF","II"
0,"CF","II"
0,"CF","II"
0,"CF","II"
0,"CF","II"
0,"CF","II"
1,"CF","II"
0,"CF","II"
0,"CF","II"
0,"CF","II"
0,"CF","II"
0,"CF","II"
0,"CF","II"
1,"CF","II"
0,"CF","II"
0,"CF","II"
0,"CF","II"
0,"CF","II"
0,"CF","II"
0,"CF","II"
0,"CF","II"
0,"CF","II"
0,"CF","II"
0,"CF","II"
0,"CF","II"
1,"CF","II"
0,"CF","II"
1,"CF","II"
0,"CF","II"
0,"CF","II"
1,"CF","II"
0,"CF","II"
0,"CF","II"
0,"CF","II"
0,"CF","II"
0,"CF","II"
0,"CF","II"
0,"CF","II"
0,"CF","II"
0,"CF","II"
0,"CF","II"
0,"CF","II"
0,"CF","II"
0,"CF","II"
0,"CF","II"
0,"CF","II"
0,"CF","II"
0,"CF","II"
0,"CF","II"
0,"CF","II"
0,"CF","II"
0,"CF","II"
0,"CF","II"
0,"CF","II"
0,"CF","II"
0,"CF","II"
0,"CF","II"
0,"CF","II"
0,"CF","II"
0,"CF","II"
0,"CF","II"
0,"CF","II"
0,"CF","II"
0,"CF","II"
1,"CF","II"
0,"CF","II"
0,"CF","II"
0,"CF","II"
1,"CF","II"
0,"CF","II"
0,"CF","II"
0,"CF","II"
0,"CF","II"
0,"CF","II"
0,"CF","II"
0,"CF","II"
0,"CF","II"
0,"CF","II"
0,"CF","II"
0,"CF","II"
0,"CF","II"
0,"CF","II"
1,"CF","II"
0,"CF","II"
0,"CF","II"
0,"CF","II"
0,"CF","II"
0,"CF","II"
1,"CF","II"
0,"CF","II"
0,"CF","II"
0,"CF","II"
0,"CF","II"
0,"CF","II"
0,"CF","II"
0,"CF","II"
0,"CF","II"
0,"CF","II"
0,"CF","II"
0,"CF","II"
1,"CF","II"
0,"CF","II"
0,"CF","II"
0,"CF","II"
0,"CF","II"
0,"CF","II"
0,"CF","II"
0,"CF","II"
0,"CF","II"
0,"CF","II"
0,"CF","II"
0,"CF","II"
0,"CF","II"
0,"CF","II"
0,"CF","II"
0,"CF","II"
0,"CF","II"
1,"CF","II"
1,"CF","II"
0,"CF","II"
1,"CF","II"
0,"CF","II"
0,"CF","II"
0,"CF","II"
0,"CF","II"
1,"CF","II"
0,"CF","II"
0,"CF","II"
0,"CF","II"
0,"CF","II"
1,"CF","II"
0,"CF","II"
0,"CF","II"
0,"CF","II"
0,"CF","II"
0,"CF","II"
0,"CF","II"
0,"CF","II"
0,"CF","II"
0,"CF","II"
1,"CF","II"
0,"CF","II"
0,"CF","II"
0,"CF","II"
0,"CF","II"
0,"CF","II"
0,"CF","II"
0,"CF","II"
0,"CF","II"
0,"CF","II"
0,"CF","II"
0,"CF","II"
0,"CF","II"
0,"CF","II"
1,"CF","II"
0,"CF","II"
1,"CF","II"
0,"CF","II"
0,"CF","II"
0,"CF","II"
0,"CF","II"
0,"CF","II"
0,"CF","II"
0,"CF","II"
0,"CF","II"
0,"CF","II"
0,"CF","II"
0,"CF","II"
0,"CF","II"
0,"CF","II"
0,"CF","II"
0,"CF","II"
0,"CF","II"
0,"CF","II"
0,"CF","II"
0,"CF","II"
0,"CF","II"
1,"CF","II"
0,"CF","II"
0,"CF","II"
0,"CF","II"
0,"CF","II"
0,"CF","II"
1,"CF","II"
0,"CF","II"
0,"CF","II"
0,"CF","II"
0,"CF","II"
0,"CF","II"
1,"CF","II"
1,"CF","II"
0,"CF","II"
0,"CF","II"
0,"CF","II"
0,"CF","II"
0,"CF","II"
1,"CF","II"
0,"CF","II"
1,"CF","II"
0,"CF","II"
0,"CF","II"
0,"CF","II"
0,"CF","II"
0,"CF","II"
1,"CF","II"
1,"CF","II"
0,"CF","II"
1,"CF","II"
1,"CF","II"
0,"CF","II"
1,"CF","II"
0,"CF","II"
0,"CF","II"
1,"CF","II"
0,"CF","II"
0,"CF","II"
0,"CF","II"
0,"CF","II"
1,"CF","II"
0,"CF","II"
0,"CF","II"
0,"CF","II"
1,"CF","II"
0,"CF","II"
1,"CF","II"
0,"CF","II"
0,"CF","II"
0,"CF","II"
0,"CF","II"
0,"CF","II"
0,"CF","II"
0,"CF","II"
0,"CF","II"
0,"CF","II"
0,"CF","II"
0,"CF","II"
0,"CF","II"
0,"CF","II"
1,"CF","II"
0,"CF","II"
1,"CF","II"
0,"CF","II"
0,"CF","II"
0,"CF","II"
0,"CF","II"
0,"CF","II"
1,"CF","II"
0,"CF","II"
0,"CF","II"
0,"CF","II"
0,"CF","II"
0,"CF","II"
0,"CF","II"
0,"CF","II"
0,"CF","II"
0,"CF","II"
0,"CF","II"
0,"CF","II"
0,"CF","II"
0,"CF","II"
0,"CF","II"
0,"CF","II"
0,"CF","II"
0,"CF","II"
0,"CF","II"
0,"CF","II"
0,"CF","II"
0,"CF","II"
0,"CF","II"
1,"CF","II"
0,"CF","II"
0,"CF","II"
0,"CF","II"
1,"CF","II"
0,"CF","II"
0,"CF","II"
0,"CF","II"
0,"CF","II"
1,"CF","II"
0,"CF","II"
0,"CF","II"
0,"CF","II"
0,"CF","II"
0,"CF","II"
1,"CF","II"
0,"CF","II"
0,"CF","II"
0,"CF","II"
0,"CF","II"
0,"CF","II"
1,"CF","II"
0,"CF","II"
0,"CF","II"
0,"CF","II"
0,"CF","II"
0,"CF","II"
0,"CF","II"
0,"CF","II"
0,"CF","II"
1,"CF","II"
1,"CF","II"
0,"CF","II"
0,"CF","II"
0,"CF","II"
0,"CF","II"
1,"CF","II"
0,"CF","II"
0,"CF","II"
1,"CF","II"
0,"CF","II"
0,"CF","II"
0,"CF","II"
0,"CF","II"
0,"CF","II"
1,"CF","II"
0,"CF","II"
0,"CF","II"
0,"CF","II"
0,"CF","II"
0,"CF","II"
0,"CF","II"
0,"CF","II"
0,"CF","II"
1,"CF","II"
0,"CF","II"
0,"CF","II"
0,"CF","II"
0,"CF","II"
0,"CF","II"
1,"CF","II"
1,"CF","II"
0,"CF","II"
0,"CF","II"
0,"CF","II"
0,"CF","II"
0,"CF","II"
0,"CF","II"
0,"CF","II"
0,"CF","II"
1,"CF","II"
1,"CF","II"
1,"CF","II"
1,"CF","II"
0,"CF","II"
1,"CF","II"
0,"CF","II"
0,"CF","II"
0,"CF","II"
0,"CF","II"
0,"CF","II"
0,"CF","II"
0,"CF","II"
0,"CF","II"
0,"CF","II"
0,"CF","II"
0,"CF","II"
1,"CF","II"
1,"CF","II"
0,"CF","II"
0,"CF","II"
0,"CF","II"
0,"CF","II"
0,"CF","II"
1,"CF","II"
0,"CF","II"
0,"CF","II"
0,"CF","II"
0,"CF","II"
0,"CF","II"
0,"CF","II"
0,"CF","II"
0,"CF","II"
1,"CF","II"
0,"CF","II"
0,"CF","II"
0,"CF","II"
1,"CF","II"
0,"CF","II"
0,"CF","II"
0,"CF","II"
0,"CF","II"
0,"CF","II"
1,"CF","II"
0,"CF","II"
0,"CF","II"
0,"CF","II"
0,"CF","II"
1,"CF","II"
0,"CF","II"
0,"CF","II"
0,"CF","II"
0,"CF","II"
0,"CF","II"
0,"CF","II"
0,"CF","II"
0,"CF","II"
1,"CF","FI"
0,"CF","FI"
0,"CF","FI"
0,"CF","FI"
1,"CF","FI"
0,"CF","FI"
0,"CF","FI"
0,"CF","FI"
0,"CF","FI"
0,"CF","FI"
0,"CF","FI"
0,"CF","FI"
0,"CF","FI"
0,"CF","FI"
0,"CF","FI"
0,"CF","FI"
0,"CF","FI"
0,"CF","FI"
0,"CF","FI"
0,"CF","FI"
0,"CF","FI"
0,"CF","FI"
0,"CF","FI"
0,"CF","FI"
0,"CF","FI"
0,"CF","FI"
0,"CF","FI"
0,"CF","FI"
0,"CF","FI"
0,"CF","FI"
0,"CF","FI"
0,"CF","FI"
0,"CF","FI"
0,"CF","FI"
0,"CF","FI"
0,"CF","FI"
0,"CF","FI"
0,"CF","FI"
0,"CF","FI"
0,"CF","FI"
0,"CF","FI"
0,"CF","FI"
0,"CF","FI"
0,"CF","FI"
0,"CF","FI"
0,"CF","FI"
0,"CF","FI"
1,"CF","FI"
0,"CF","FI"
0,"CF","FI"
0,"CF","FI"
0,"CF","FI"
0,"CF","FI"
0,"CF","FI"
0,"CF","FI"
1,"CF","FI"
0,"CF","FI"
0,"CF","FI"
1,"CF","FI"
0,"CF","FI"
0,"CF","FI"
0,"CF","FI"
0,"CF","FI"
0,"CF","FI"
0,"CF","FI"
0,"CF","FI"
0,"CF","FI"
0,"CF","FI"
0,"CF","FI"
1,"CF","FI"
0,"CF","FI"
0,"CF","FI"
0,"CF","FI"
0,"CF","FI"
0,"CF","FI"
0,"CF","FI"
0,"CF","FI"
0,"CF","FI"
1,"CF","FI"
0,"CF","FI"
0,"CF","FI"
0,"CF","FI"
0,"CF","FI"
1,"CF","FI"
0,"CF","FI"
0,"CF","FI"
0,"CF","FI"
0,"CF","FI"
0,"CF","FI"
0,"CF","FI"
0,"CF","FI"
0,"CF","FI"
0,"CF","FI"
0,"CF","FI"
0,"CF","FI"
0,"CF","FI"
0,"CF","FI"
0,"CF","FI"
1,"CF","FI"
1,"CF","FI"
0,"CF","FI"
0,"CF","FI"
0,"CF","FI"
0,"CF","FI"
0,"CF","FI"
0,"CF","FI"
1,"CF","FI"
0,"CF","FI"
0,"CF","FI"
0,"CF","FI"
0,"CF","FI"
0,"CF","FI"
0,"CF","FI"
0,"CF","FI"
0,"CF","FI"
0,"CF","FI"
0,"CF","FI"
0,"CF","FI"
0,"CF","FI"
0,"CF","FI"
0,"CF","FI"
0,"CF","FI"
0,"CF","FI"
0,"CF","FI"
0,"CF","FI"
0,"CF","FI"
0,"CF","FI"
0,"CF","FI"
0,"CF","FI"
0,"CF","FI"
0,"CF","FI"
0,"CF","FI"
0,"CF","FI"
0,"CF","FI"
1,"CF","FI"
1,"CF","FI"
1,"CF","FI"
0,"CF","FI"
0,"CF","FI"
1,"CF","FI"
1,"CF","FI"
0,"CF","FI"
0,"CF","FI"
0,"CF","FI"
0,"CF","FI"
0,"CF","FI"
0,"CF","FI"
0,"CF","FI"
0,"CF","FI"
0,"CF","FI"
0,"CF","FI"
0,"CF","FI"
0,"CF","FI"
0,"CF","FI"
0,"CF","FI"
0,"CF","FI"
0,"CF","FI"
0,"CF","FI"
0,"CF","FI"
1,"CF","FI"
0,"CF","FI"
0,"CF","FI"
1,"CF","FI"
0,"CF","FI"
0,"CF","FI"
0,"CF","FI"
1,"CF","FI"
1,"CF","FI"
1,"CF","FI"
0,"CF","FI"
0,"CF","FI"
0,"CF","FI"
0,"CF","FI"
0,"CF","FI"
0,"CF","FI"
0,"CF","FI"
0,"CF","FI"
1,"CF","FI"
0,"CF","FI"
0,"CF","FI"
0,"CF","FI"
0,"CF","FI"
1,"CF","FI"
0,"CF","FI"
0,"CF","FI"
0,"CF","FI"
0,"CF","FI"
1,"CF","FI"
0,"CF","FI"
0,"CF","FI"
0,"CF","FI"
0,"CF","FI"
0,"CF","FI"
0,"CF","FI"
0,"CF","FI"
0,"CF","FI"
1,"CF","FI"
0,"CF","FI"
0,"CF","FI"
0,"CF","FI"
1,"CF","FI"
1,"CF","FI"
0,"CF","FI"
0,"CF","FI"
0,"CF","FI"
0,"CF","FI"
0,"CF","FI"
0,"CF","FI"
0,"CF","FI"
0,"CF","FI"
0,"CF","FI"
0,"CF","FI"
1,"CF","FI"
0,"CF","FI"
0,"CF","FI"
0,"CF","FI"
0,"CF","FI"
0,"CF","FI"
0,"CF","FI"
0,"CF","FI"
0,"CF","FI"
0,"CF","FI"
0,"CF","FI"
1,"CF","FI"
1,"CF","FI"
0,"CF","FI"
0,"CF","FI"
0,"CF","FI"
1,"CF","FI"
0,"CF","FI"
0,"CF","FI"
0,"CF","FI"
0,"CF","FI"
0,"CF","FI"
1,"CF","FI"
0,"CF","FI"
1,"CF","FI"
1,"CF","FI"
0,"CF","FI"
0,"CF","FI"
0,"CF","FI"
0,"CF","FI"
0,"CF","FI"
0,"CF","FI"
0,"CF","FI"
0,"CF","FI"
0,"CF","FI"
0,"CF","FI"
0,"CF","FI"
0,"CF","FI"
0,"CF","FI"
0,"CF","FI"
0,"CF","FI"
0,"CF","FI"
0,"CF","FI"
0,"CF","FI"
0,"CF","FI"
0,"CF","FI"
0,"CF","FI"
0,"CF","FI"
0,"CF","FI"
0,"CF","FI"
0,"CF","FI"
0,"CF","FI"
0,"CF","FI"
0,"CF","FI"
0,"CF","FI"
1,"CF","FI"
0,"CF","FI"
0,"CF","FI"
0,"CF","FI"
1,"CF","FI"
1,"CF","FI"
0,"CF","FI"
0,"CF","FI"
0,"CF","FI"
0,"CF","FI"
0,"CF","FI"
0,"CF","FI"
0,"CF","FI"
1,"CF","FI"
0,"CF","FI"
1,"CF","FI"
0,"CF","FI"
0,"CF","FI"
0,"CF","FI"
0,"CF","FI"
0,"CF","FI"
0,"CF","FI"
0,"CF","FI"
1,"CF","FI"
0,"CF","FI"
0,"CF","FI"
0,"CF","FI"
0,"CF","FI"
0,"CF","FI"
0,"CF","FI"
1,"CF","FI"
0,"CF","FI"
0,"CF","FI"
0,"CF","FI"
0,"CF","FI"
0,"CF","FI"
0,"CF","FI"
0,"CF","FI"
0,"CF","FI"
0,"CF","FI"
0,"CF","FI"
0,"CF","FI"
1,"CF","FI"
0,"CF","FI"
0,"CF","FI"
0,"CF","FI"
0,"CF","FI"
0,"CF","FI"
0,"CF","FI"
0,"CF","FI"
0,"CF","FI"
0,"CF","FI"
0,"CF","FI"
0,"CF","FI"
1,"CF","FI"
1,"CF","FI"
0,"CF","FI"
1,"CF","FI"
0,"CF","FI"
0,"CF","FI"
0,"CF","FI"
1,"CF","FI"
0,"CF","FI"
1,"CF","FI"
0,"CF","FI"
0,"CF","FI"
0,"CF","FI"
0,"CF","FI"
0,"CF","FI"
0,"CF","FI"
0,"CF","FI"
0,"CF","FI"
0,"CF","FI"
0,"CF","FI"
0,"CF","FI"
0,"CF","FI"
0,"CF","FI"
0,"CF","FI"
0,"CF","FI"
0,"CF","FI"
0,"CF","FI"
0,"CF","FI"
0,"CF","FI"
1,"CF","FI"
0,"CF","FI"
0,"CF","FI"
0,"CF","FI"
0,"CF","FI"
0,"CF","FI"
0,"CF","FI"
0,"CF","FI"
1,"CF","FI"
0,"CF","FI"
0,"CF","FI"
0,"CF","FI"
0,"CF","FI"
1,"CF","FI"
0,"CF","FI"
1,"CF","FI"
0,"CF","FI"
0,"CF","FI"
0,"CF","FI"
0,"CF","FI"
0,"CF","FI"
1,"CF","FI"
1,"CF","FI"
0,"CF","FI"
0,"CF","FI"
0,"CF","FI"
1,"CF","FI"
0,"CF","FI"
0,"CF","FI"
0,"CF","FI"
0,"CF","FI"
0,"CF","FI"
0,"CF","FI"
0,"CF","FI"
1,"CF","FI"
0,"CF","FI"
0,"CF","FI"
0,"CF","FI"
0,"CF","FI"
0,"CF","FI"
0,"CF","FI"
0,"CF","FI"
0,"CF","FI"
0,"CF","FI"
0,"CF","FI"
0,"CF","FI"
0,"CF","FI"
0,"CF","FI"
0,"CF","FI"
0,"CF","FI"
0,"CF","FI"
0,"CF","FI"
0,"CF","FI"
0,"CF","FI"
0,"CF","FI"
0,"CF","FI"
0,"CF","FI"
0,"CF","FI"
0,"CF","FI"
1,"CF","FI"
1,"CF","FI"
1,"CF","FI"
0,"CF","FI"
0,"CF","FI"
0,"CF","FI"
0,"CF","FI"
0,"CF","FI"
0,"CF","FI"
0,"CF","FI"
1,"CF","FI"
0,"CF","FI"
0,"CF","FI"
0,"CF","FI"
0,"CF","FI"
0,"CF","FI"
0,"CF","FI"
0,"CF","FI"
0,"CF","FI"
0,"CF","FI"
0,"CF","FI"
0,"CF","FI"
1,"CF","FI"
0,"CF","FI"
0,"CF","FI"
0,"CF","FI"
0,"CF","FI"
0,"CF","FI"
1,"CF","FI"
0,"CF","FI"
0,"CF","FI"
0,"CF","FI"
1,"CF","FI"
0,"CF","FI"
0,"CF","FI"
0,"CF","FI"
0,"CF","FI"
1,"CF","FI"
0,"CF","FI"
0,"CF","FI"
0,"CF","FI"
0,"CF","FI"
0,"CF","FI"
0,"CF","FI"
0,"CF","FI"
0,"CF","FI"
0,"CF","FI"
1,"CF","FI"
0,"CF","FI"
0,"CF","FI"
0,"CF","FI"
0,"CF","FI"
0,"CF","FI"
1,"CF","FI"
0,"CF","FI"
0,"CF","FI"
0,"CF","FI"
0,"CF","FI"
0,"CF","FI"
0,"CF","FI"
0,"CF","FI"
0,"CF","FI"
0,"CF","FI"
0,"CF","FI"
0,"CF","FI"
0,"CF","FI"
0,"CF","FI"
0,"CF","FI"
0,"CF","FI"
0,"CF","FI"
0,"CF","FI"
0,"CF","FI"
1,"CF","FI"
1,"CF","FI"
1,"CF","FI"
0,"CF","FI"
0,"CF","FI"
0,"CF","FI"
1,"CF","FI"
0,"CF","FI"
0,"CF","FI"
0,"CF","FI"
0,"CF","FI"
0,"CF","FI"
0,"CF","FI"
0,"CF","FI"
0,"CF","FI"
0,"CF","FI"
0,"CF","FI"
0,"CF","FI"
0,"CF","FI"
0,"CF","FI"
0,"CF","FI"
0,"CF","FI"
0,"CF","FI"
0,"CF","FI"
0,"CF","FI"
0,"CF","FI"
0,"CF","FI"
0,"CF","FI"
1,"CF","FI"
0,"CF","FI"
0,"CF","FI"
0,"CF","FI"
0,"CF","FI"
1,"CF","FI"
0,"CF","FI"
0,"CF","FI"
0,"CF","FI"
0,"CF","FI"
0,"CF","FI"
0,"CF","FI"
0,"CF","FI"
0,"CF","FI"
0,"CF","FI"
0,"CF","FI"
0,"CF","FI"
0,"CF","FI"
0,"CF","FI"
0,"CF","FI"
0,"CF","FI"
0,"CF","FI"
0,"CF","FI"
0,"CF","FI"
0,"CF","FI"
1,"CF","FI"
0,"CF","FI"
0,"CF","FI"
0,"CF","FI"
0,"CF","FI"
0,"CF","FI"
0,"CF","FI"
0,"CF","FI"
0,"CF","FI"
0,"CF","FI"
0,"CF","FI"
1,"CF","FI"
0,"CF","FI"
1,"CF","FI"
0,"CF","FI"
0,"CF","FI"
0,"CF","FI"
0,"CF","FI"
0,"CF","FI"
0,"CF","FI"
0,"CF","FI"
0,"CF","FI"
0,"CF","FI"
0,"CF","FI"
1,"CF","FI"
0,"CF","FI"
0,"CF","FI"
0,"CF","FI"
0,"CF","FI"
0,"CF","FI"
0,"CF","FI"
1,"CF","FI"
0,"CF","FI"
0,"CF","FI"
0,"CF","FI"
0,"CF","FI"
0,"CF","FI"
0,"CF","FI"
0,"CF","FI"
1,"CF","FI"
0,"CF","FI"
0,"CF","FI"
0,"CF","FI"
0,"CF","FI"
0,"CF","FI"
0,"CF","FI"
0,"CF","FI"
0,"CF","FI"
0,"CF","FI"
0,"CF","FI"
0,"CF","FI"
0,"CF","FI"
0,"CF","FI"
1,"CF","FI"
0,"CF","FI"
1,"CF","FI"
0,"CF","FI"
1,"CF","FI"
0,"CF","FI"
1,"CF","FI"
0,"CF","FI"
0,"CF","FI"
0,"CF","FI"
1,"CF","FI"
0,"CF","FI"
0,"CF","FI"
0,"CF","FI"
0,"CF","FI"
0,"CF","FI"
0,"CF","FI"
0,"CF","FI"
0,"CF","FI"
1,"CF","FI"
0,"CF","FI"
0,"CF","FI"
0,"CF","FI"
0,"CF","FI"
0,"CF","FI"
0,"CF","FI"
0,"CF","FI"
1,"CF","FI"
0,"CF","FI"
0,"CF","FI"
0,"CF","FI"
0,"CF","FI"
0,"CF","FI"
0,"CF","FI"
1,"CF","FI"
0,"CF","FI"
0,"CF","FI"
0,"CF","FI"
0,"CF","FI"
0,"CF","FI"
0,"CF","FI"
1,"CF","FI"
1,"CF","FI"
0,"CF","FI"
0,"CF","FI"
0,"CF","FI"
0,"CF","FI"
0,"CF","FI"
0,"CF","FI"
0,"CF","FI"
0,"CF","FI"
1,"CF","FI"
1,"CF","FI"
0,"CF","FI"
0,"CF","FI"
0,"CF","FI"
0,"CF","FI"
0,"CF","FI"
0,"CF","FI"
0,"CF","FI"
0,"CF","FI"
0,"CF","FI"
0,"CF","FI"
0,"CF","FI"
1,"CF","FI"
1,"CF","FI"
0,"CF","FI"
0,"CF","FI"
1,"CF","FI"
0,"CF","FI"
0,"CF","FI"
1,"CF","FI"
0,"CF","FI"
0,"CF","FI"
1,"CF","FI"
0,"CF","FI"
1,"CF","FI"
0,"CF","FI"
0,"CF","FI"
0,"CF","FI"
0,"CF","FI"
0,"CF","FI"
0,"CF","FI"
0,"CF","FI"
0,"CF","FI"
0,"CF","FI"
0,"CF","FI"
0,"CF","FI"
0,"CF","FI"
0,"CF","FI"
0,"CF","FI"
0,"CF","FI"
0,"CF","FI"
0,"CF","FI"
1,"CF","FI"
0,"CF","FI"
0,"CF","FI"
1,"CF","FI"
0,"CF","FI"
0,"CF","FI"
0,"CF","FI"
0,"CF","FI"
0,"CF","FI"
0,"CF","FI"
0,"CF","FI"
0,"CF","FI"
0,"CF","FI"
1,"CF","FI"
0,"CF","FI"
0,"CF","FI"
0,"CF","FI"
0,"CF","FI"
0,"CF","FI"
0,"CF","FI"
0,"CF","FI"
0,"CF","FI"
0,"CF","FI"
0,"CF","FI"
0,"CF","FI"
1,"CF","FI"
0,"CF","FI"
0,"CF","FI"
0,"CF","FI"
1,"CF","FI"
0,"CF","FI"
0,"CF","FI"
0,"CF","FI"
0,"CF","FI"
0,"CF","FI"
1,"CF","FI"
1,"CF","FI"
0,"CF","FI"
1,"CF","FI"
0,"CF","FI"
0,"CF","FI"
0,"CF","FI"
0,"CF","FI"
1,"CF","FI"
0,"CF","FI"
0,"CF","FI"
0,"CF","FI"
0,"CF","FI"
0,"CF","FI"
0,"CF","FI"
0,"CF","FI"
0,"CF","FI"
0,"CF","FI"
0,"CF","FI"
1,"CF","FI"
0,"CF","FI"
0,"CF","FI"
0,"CF","FI"
1,"CF","FI"
0,"CF","FI"
0,"CF","FI"
1,"CF","FI"
0,"CF","FI"
0,"CF","FI"
0,"CF","FI"
0,"CF","FI"
0,"CF","FI"
1,"CF","FI"
0,"CF","FI"
0,"CF","FI"
1,"CF","FI"
0,"CF","FI"
0,"CF","FI"
0,"CF","FI"
0,"CF","FI"
1,"CF","FI"
0,"CF","FI"
0,"CF","FI"
0,"CF","FI"
1,"CF","FI"
0,"CF","FI"
0,"CF","FI"
0,"CF","FI"
1,"CF","FI"
0,"CF","FI"
0,"CF","FI"
0,"CF","FI"
0,"CF","FI"
0,"CF","FI"
1,"CF","FI"
0,"CF","FI"
0,"CF","FI"
1,"CF","FI"
0,"CF","FI"
0,"CF","FI"
1,"CF","FI"
1,"CF","FI"
0,"CF","FI"
0,"CF","FI"
0,"CF","FI"
1,"CF","FI"
0,"CF","FI"
1,"CF","FI"
0,"CF","FI"
0,"CF","FI"
1,"CF","FI"
0,"CF","FI"
1,"CF","FI"
0,"CF","FI"
1,"CF","FI"
0,"CF","FI"
0,"CF","FI"
1,"CF","FI"
0,"CF","FI"
0,"CF","FI"
0,"CF","FI"
0,"CF","FI"
0,"CF","FI"
0,"CF","FI"
0,"CF","FI"
0,"CF","FI"
0,"CF","FI"
0,"CF","FI"
0,"CF","FI"
0,"CF","FI"
0,"CF","FI"
0,"CF","FI"
0,"CF","FI"
0,"CF","FI"
0,"CF","FI"
1,"CF","FI"
0,"CF","FI"
1,"CF","FI"
0,"CF","FI"
0,"CF","FI"
0,"CF","FI"
0,"CF","FI"
0,"CF","FI"
0,"CF","FI"
0,"CF","FI"
0,"CF","FI"
0,"CF","FI"
1,"CF","FI"
1,"CF","FI"
1,"CF","FI"
0,"CF","FI"
0,"CF","FI"
0,"CF","FI"
1,"CF","FI"
0,"CF","FI"
0,"CF","FI"
0,"CF","FI"
0,"CF","FI"
0,"CF","FI"
0,"CF","FI"
0,"CF","FI"
0,"CF","FI"
0,"CF","FI"
0,"CF","FI"
0,"CF","FI"
0,"CF","FI"
0,"CF","FI"
0,"CF","FI"
0,"CF","FI"
1,"CF","FI"
0,"CF","FI"
0,"CF","FI"
0,"CF","FI"
0,"CF","FI"
0,"CF","FI"
0,"CF","FI"
0,"CF","FI"
0,"CF","FI"
0,"CF","FI"
0,"CF","FI"
0,"CF","FI"
0,"CF","FI"
1,"CF","FI"
0,"CF","FI"
0,"CF","FI"
0,"CF","FI"
0,"CF","FI"
0,"CF","FI"
0,"CF","FI"
0,"CF","FI"
1,"CF","FI"
0,"CF","FI"
0,"CF","FI"
0,"CF","FI"
1,"CF","FI"
0,"CF","FI"
0,"CF","FI"
0,"CF","FI"
0,"CF","FI"
0,"CF","FI"
0,"CF","FI"
0,"CF","FI"
0,"CF","FI"
0,"CF","FI"
0,"CF","FI"
0,"CF","FI"
0,"CF","FI"
1,"CF","FI"
0,"CF","FI"
0,"CF","FI"
0,"CF","FI"
0,"CF","FI"
0,"CF","FI"
0,"CF","FI"
0,"CF","FI"
0,"CF","FI"
0,"CF","FI"
1,"CF","FI"
0,"CF","FI"
0,"CF","FI"
0,"CF","FI"
0,"CF","FI"
0,"CF","FI"
0,"CF","FI"
1,"CF","FI"
0,"CF","FI"
0,"CF","FI"
0,"CF","FI"
0,"CF","FI"
0,"CF","FI"
0,"CF","FI"
1,"CF","FI"
0,"CF","FI"
1,"CF","FI"
0,"CF","FI"
0,"CF","FI"
0,"CF","FI"
0,"CF","FI"
0,"CF","FI"
0,"CF","FI"
0,"CF","FI"
1,"CF","FI"
0,"CF","FI"
0,"CF","FI"
0,"CF","FI"
0,"CF","FI"
0,"CF","FI"
0,"CF","FI"
1,"CF","FI"
0,"CF","FI"
0,"CF","FI"
1,"CF","FI"
0,"CF","FI"
0,"CF","FI"
0,"CF","FI"
0,"CF","FI"
1,"CF","FI"
0,"CF","FI"
0,"CF","FI"
0,"CF","FI"
0,"CF","FI"
0,"CF","FI"
1,"CF","FI"
1,"CF","FI"
0,"CF","FI"
0,"CF","FI"
0,"CF","FI"
0,"CF","FI"
0,"CF","FI"
1,"CF","FI"
1,"CF","FI"
0,"CF","FI"
0,"CF","FI"
0,"CF","FI"
0,"CF","FI"
0,"CF","FI"
0,"CF","FI"
0,"CF","FI"
0,"CF","FI"
0,"CF","FI"
0,"CF","FI"
0,"CF","FI"
0,"CF","FI"
0,"CF","FI"
0,"CF","FI"
0,"CF","FI"
0,"CF","FI"
1,"CF","FI"
0,"CF","FI"
0,"CF","FI"
0,"CF","FI"
1,"CF","FI"
0,"CF","FI"
0,"CF","FI"
0,"CF","FI"
0,"CF","FI"
0,"CF","FI"
0,"CF","FI"
1,"CF","FI"
0,"CF","FI"
0,"CF","FI"
0,"CF","FI"
1,"CF","FI"
0,"CF","FI"
0,"CF","FI"
0,"CF","FI"
0,"CF","FI"
0,"CF","FI"
0,"CF","FI"
0,"CF","FI"
1,"CF","FI"
0,"CF","FI"
0,"CF","FI"
0,"CF","FI"
0,"CF","FI"
0,"CF","FI"
0,"CF","FI"
0,"CF","FI"
0,"CF","FI"
0,"CF","FI"
0,"CF","FI"
0,"CF","FI"
0,"CF","FI"
0,"CF","FI"
0,"CF","NI"
0,"CF","NI"
0,"CF","NI"
0,"CF","NI"
0,"CF","NI"
0,"CF","NI"
0,"CF","NI"
0,"CF","NI"
0,"CF","NI"
1,"CF","NI"
0,"CF","NI"
0,"CF","NI"
1,"CF","NI"
0,"CF","NI"
0,"CF","NI"
0,"CF","NI"
0,"CF","NI"
0,"CF","NI"
0,"CF","NI"
0,"CF","NI"
0,"CF","NI"
0,"CF","NI"
0,"CF","NI"
0,"CF","NI"
0,"CF","NI"
0,"CF","NI"
0,"CF","NI"
0,"CF","NI"
0,"CF","NI"
0,"CF","NI"
0,"CF","NI"
1,"CF","NI"
0,"CF","NI"
1,"CF","NI"
1,"CF","NI"
0,"CF","NI"
1,"CF","NI"
0,"CF","NI"
0,"CF","NI"
0,"CF","NI"
0,"CF","NI"
1,"CF","NI"
0,"CF","NI"
0,"CF","NI"
0,"CF","NI"
0,"CF","NI"
0,"CF","NI"
0,"CF","NI"
0,"CF","NI"
0,"CF","NI"
0,"CF","NI"
0,"CF","NI"
0,"CF","NI"
0,"CF","NI"
0,"CF","NI"
0,"CF","NI"
0,"CF","NI"
1,"CF","NI"
0,"CF","NI"
0,"CF","NI"
1,"CF","NI"
0,"CF","NI"
1,"CF","NI"
0,"CF","NI"
0,"CF","NI"
1,"CF","NI"
0,"CF","NI"
1,"CF","NI"
0,"CF","NI"
1,"CF","NI"
0,"CF","NI"
0,"CF","NI"
0,"CF","NI"
0,"CF","NI"
0,"CF","NI"
0,"CF","NI"
0,"CF","NI"
0,"CF","NI"
0,"CF","NI"
0,"CF","NI"
0,"CF","NI"
0,"CF","NI"
0,"CF","NI"
1,"CF","NI"
0,"CF","NI"
0,"CF","NI"
0,"CF","NI"
0,"CF","NI"
0,"CF","NI"
0,"CF","NI"
0,"CF","NI"
0,"CF","NI"
0,"CF","NI"
0,"CF","NI"
0,"CF","NI"
0,"CF","NI"
0,"CF","NI"
0,"CF","NI"
0,"CF","NI"
0,"CF","NI"
0,"CF","NI"
0,"CF","NI"
0,"CF","NI"
0,"CF","NI"
0,"CF","NI"
0,"CF","NI"
1,"CF","NI"
0,"CF","NI"
0,"CF","NI"
0,"CF","NI"
0,"CF","NI"
0,"CF","NI"
0,"CF","NI"
0,"CF","NI"
0,"CF","NI"
0,"CF","NI"
0,"CF","NI"
0,"CF","NI"
0,"CF","NI"
0,"CF","NI"
0,"CF","NI"
0,"CF","NI"
0,"CF","NI"
0,"CF","NI"
0,"CF","NI"
0,"CF","NI"
0,"CF","NI"
0,"CF","NI"
0,"CF","NI"
0,"CF","NI"
0,"CF","NI"
0,"CF","NI"
0,"CF","NI"
0,"CF","NI"
0,"CF","NI"
0,"CF","NI"
0,"CF","NI"
0,"CF","NI"
0,"CF","NI"
0,"CF","NI"
1,"CF","NI"
1,"CF","NI"
0,"CF","NI"
0,"CF","NI"
0,"CF","NI"
1,"CF","NI"
0,"CF","NI"
0,"CF","NI"
0,"CF","NI"
0,"CF","NI"
0,"CF","NI"
0,"CF","NI"
0,"CF","NI"
0,"CF","NI"
0,"CF","NI"
0,"CF","NI"
0,"CF","NI"
0,"CF","NI"
1,"CF","NI"
1,"CF","NI"
0,"CF","NI"
0,"CF","NI"
0,"CF","NI"
0,"CF","NI"
0,"CF","NI"
0,"CF","NI"
0,"CF","NI"
0,"CF","NI"
0,"CF","NI"
0,"CF","NI"
0,"CF","NI"
0,"CF","NI"
0,"CF","NI"
0,"CF","NI"
1,"CF","NI"
0,"CF","NI"
1,"CF","NI"
0,"CF","NI"
0,"CF","NI"
1,"CF","NI"
0,"CF","NI"
0,"CF","NI"
0,"CF","NI"
0,"CF","NI"
0,"CF","NI"
0,"CF","NI"
0,"CF","NI"
0,"CF","NI"
0,"CF","NI"
0,"CF","NI"
0,"CF","NI"
0,"CF","NI"
0,"CF","NI"
0,"CF","NI"
0,"CF","NI"
0,"CF","NI"
0,"CF","NI"
0,"CF","NI"
0,"CF","NI"
0,"CF","NI"
0,"CF","NI"
0,"CF","NI"
0,"CF","NI"
0,"CF","NI"
0,"CF","NI"
1,"CF","NI"
0,"CF","NI"
0,"CF","NI"
0,"CF","NI"
0,"CF","NI"
1,"CF","NI"
0,"CF","NI"
0,"CF","NI"
0,"CF","NI"
0,"CF","NI"
0,"CF","NI"
1,"CF","NI"
0,"CF","NI"
0,"CF","NI"
0,"CF","NI"
0,"CF","NI"
0,"CF","NI"
0,"CF","NI"
1,"CF","NI"
0,"CF","NI"
0,"CF","NI"
0,"CF","NI"
0,"CF","NI"
0,"CF","NI"
0,"CF","NI"
0,"CF","NI"
0,"CF","NI"
1,"CF","NI"
0,"CF","NI"
0,"CF","NI"
0,"CF","NI"
0,"CF","NI"
0,"CF","NI"
0,"CF","NI"
0,"CF","NI"
0,"CF","NI"
1,"CF","NI"
0,"CF","NI"
0,"CF","NI"
0,"CF","NI"
0,"CF","NI"
0,"CF","NI"
0,"CF","NI"
0,"CF","NI"
0,"CF","NI"
0,"CF","NI"
1,"CF","NI"
0,"CF","NI"
1,"CF","NI"
0,"CF","NI"
0,"CF","NI"
1,"CF","NI"
0,"CF","NI"
0,"CF","NI"
0,"CF","NI"
0,"CF","NI"
0,"CF","NI"
0,"CF","NI"
0,"CF","NI"
0,"CF","NI"
0,"CF","NI"
0,"CF","NI"
0,"CF","NI"
0,"CF","NI"
0,"CF","NI"
0,"CF","NI"
0,"CF","NI"
0,"CF","NI"
0,"CF","NI"
0,"CF","NI"
0,"CF","NI"
0,"CF","NI"
0,"CF","NI"
0,"CF","NI"
0,"CF","NI"
0,"CF","NI"
0,"CF","NI"
1,"CF","NI"
0,"CF","NI"
0,"CF","NI"
1,"CF","NI"
0,"CF","NI"
0,"CF","NI"
0,"CF","NI"
0,"CF","NI"
0,"CF","NI"
1,"CF","NI"
0,"CF","NI"
0,"CF","NI"
1,"CF","NI"
1,"CF","NI"
0,"CF","NI"
0,"CF","NI"
0,"CF","NI"
0,"CF","NI"
0,"CF","NI"
0,"CF","NI"
0,"CF","NI"
0,"CF","NI"
0,"CF","NI"
0,"CF","NI"
0,"CF","NI"
0,"CF","NI"
0,"CF","NI"
0,"CF","NI"
0,"CF","NI"
0,"CF","NI"
0,"CF","NI"
0,"CF","NI"
0,"CF","NI"
0,"CF","NI"
0,"CF","NI"
0,"CF","NI"
0,"CF","NI"
0,"CF","NI"
0,"CF","NI"
0,"CF","NI"
1,"CF","NI"
0,"CF","NI"
0,"CF","NI"
1,"CF","NI"
0,"CF","NI"
1,"CF","NI"
0,"CF","NI"
0,"CF","NI"
0,"CF","NI"
0,"CF","NI"
0,"CF","NI"
0,"CF","NI"
0,"CF","NI"
0,"CF","NI"
0,"CF","NI"
0,"CF","NI"
0,"CF","NI"
0,"CF","NI"
1,"CF","NI"
0,"CF","NI"
0,"CF","NI"
0,"CF","NI"
0,"CF","NI"
1,"CF","NI"
0,"CF","NI"
1,"CF","NI"
0,"CF","NI"
0,"CF","NI"
0,"CF","NI"
0,"CF","NI"
0,"CF","NI"
0,"CF","NI"
0,"CF","NI"
0,"CF","NI"
0,"CF","NI"
0,"CF","NI"
0,"CF","NI"
1,"CF","NI"
0,"CF","NI"
0,"CF","NI"
0,"CF","NI"
0,"CF","NI"
1,"CF","NI"
0,"CF","NI"
0,"CF","NI"
0,"CF","NI"
0,"CF","NI"
0,"CF","NI"
0,"CF","NI"
0,"CF","NI"
0,"CF","NI"
0,"CF","NI"
0,"CF","NI"
0,"CF","NI"
0,"CF","NI"
0,"CF","NI"
0,"CF","NI"
0,"CF","NI"
1,"CF","NI"
0,"CF","NI"
0,"CF","NI"
0,"CF","NI"
0,"CF","NI"
0,"CF","NI"
0,"CF","NI"
0,"CF","NI"
0,"CF","NI"
0,"CF","NI"
0,"CF","NI"
0,"CF","NI"
0,"CF","NI"
0,"CF","NI"
0,"CF","NI"
1,"CF","NI"
0,"CF","NI"
0,"CF","NI"
0,"CF","NI"
0,"CF","NI"
0,"CF","NI"
1,"CF","NI"
0,"CF","NI"
0,"CF","NI"
0,"CF","NI"
0,"CF","NI"
0,"CF","NI"
0,"CF","NI"
0,"CF","NI"
0,"CF","NI"
0,"CF","NI"
0,"CF","NI"
0,"CF","NI"
0,"CF","NI"
0,"CF","NI"
0,"CF","NI"
0,"CF","NI"
0,"CF","NI"
0,"CF","NI"
1,"CF","NI"
1,"CF","NI"
0,"CF","NI"
0,"CF","NI"
1,"CF","NI"
0,"CF","NI"
0,"CF","NI"
0,"CF","NI"
1,"CF","NI"
0,"CF","NI"
0,"CF","NI"
0,"CF","NI"
0,"CF","NI"
0,"CF","NI"
1,"CF","NI"
0,"CF","NI"
0,"CF","NI"
0,"CF","NI"
0,"CF","NI"
1,"CF","NI"
0,"CF","NI"
1,"CF","NI"
0,"CF","NI"
0,"CF","NI"
0,"CF","NI"
0,"CF","NI"
0,"CF","NI"
1,"CF","NI"
1,"CF","NI"
0,"CF","NI"
0,"CF","NI"
0,"CF","NI"
0,"CF","NI"
0,"CF","NI"
0,"CF","NI"
0,"CF","NI"
0,"CF","NI"
0,"CF","NI"
0,"CF","NI"
0,"CF","NI"
0,"CF","NI"
0,"CF","NI"
0,"CF","NI"
0,"CF","NI"
0,"CF","NI"
0,"CF","NI"
0,"CF","NI"
0,"CF","NI"
0,"CF","NI"
0,"CF","NI"
0,"CF","NI"
0,"CF","NI"
0,"CF","NI"
1,"CF","NI"
0,"CF","NI"
0,"CF","NI"
0,"CF","NI"
0,"CF","NI"
0,"CF","NI"
0,"CF","NI"
0,"CF","NI"
0,"CF","NI"
0,"CF","NI"
1,"CF","NI"
0,"CF","NI"
0,"CF","NI"
0,"CF","NI"
0,"CF","NI"
0,"CF","NI"
1,"CF","NI"
0,"CF","NI"
0,"CF","NI"
0,"CF","NI"
0,"CF","NI"
0,"CF","NI"
0,"CF","NI"
1,"CF","NI"
0,"CF","NI"
0,"CF","NI"
0,"CF","NI"
0,"CF","NI"
0,"CF","NI"
0,"CF","NI"
0,"CF","NI"
0,"CF","NI"
0,"CF","NI"
0,"CF","NI"
0,"CF","NI"
0,"CF","NI"
0,"CF","NI"
0,"CF","NI"
0,"CF","NI"
0,"CF","NI"
0,"CF","NI"
0,"CF","NI"
0,"CF","NI"
0,"CF","NI"
0,"CF","NI"
1,"CF","NI"
0,"CF","NI"
0,"CF","NI"
1,"CF","NI"
0,"CF","NI"
0,"CF","NI"
0,"CF","NI"
0,"CF","NI"
0,"CF","NI"
0,"CF","NI"
0,"CF","NI"
0,"CF","NI"
0,"CF","NI"
0,"CF","NI"
0,"CF","NI"
0,"CF","NI"
0,"CF","NI"
0,"CF","NI"
0,"CF","NI"
0,"CF","NI"
0,"CF","NI"
0,"CF","NI"
0,"CF","NI"
0,"CF","NI"
0,"CF","NI"
0,"CF","NI"
1,"CF","NI"
0,"CF","NI"
0,"CF","NI"
0,"CF","NI"
0,"CF","NI"
0,"CF","NI"
0,"CF","NI"
1,"CF","NI"
0,"CF","NI"
0,"CF","NI"
0,"CF","NI"
0,"CF","NI"
0,"CF","NI"
0,"CF","NI"
0,"CF","NI"
0,"CF","NI"
1,"CF","NI"
0,"CF","NI"
0,"CF","NI"
0,"CF","NI"
1,"CF","NI"
1,"CF","NI"
0,"CF","NI"
0,"CF","NI"
0,"CF","NI"
0,"CF","NI"
0,"CF","NI"
0,"CF","NI"
0,"CF","NI"
0,"CF","NI"
0,"CF","NI"
0,"CF","NI"
0,"CF","NI"
0,"CF","NI"
0,"CF","NI"
0,"CF","NI"
0,"CF","NI"
1,"CF","NI"
0,"CF","NI"
0,"CF","NI"
0,"CF","NI"
0,"CF","NI"
0,"CF","NI"
0,"CF","NI"
0,"CF","NI"
0,"CF","NI"
0,"CF","NI"
0,"CF","NI"
0,"CF","NI"
0,"CF","NI"
0,"CF","NI"
0,"CF","NI"
0,"CF","NI"
1,"CF","NI"
0,"CF","NI"
1,"CF","NI"
1,"CF","NI"
0,"CF","NI"
0,"CF","NI"
0,"CF","NI"
0,"CF","NI"
0,"CF","NI"
0,"CF","NI"
0,"CF","NI"
0,"CF","NI"
0,"CF","NI"
0,"CF","NI"
0,"CF","NI"
0,"CF","NI"
0,"CF","NI"
0,"CF","NI"
0,"CF","NI"
0,"CF","NI"
0,"CF","NI"
0,"CF","NI"
0,"CF","NI"
0,"CF","NI"
1,"CF","NI"
0,"CF","NI"
0,"CF","NI"
0,"CF","NI"
0,"CF","NI"
0,"CF","NI"
0,"CF","NI"
0,"CF","NI"
0,"CF","NI"
0,"CF","NI"
0,"CF","NI"
0,"CF","NI"
0,"CF","NI"
0,"CF","NI"
0,"CF","NI"
0,"CF","NI"
0,"CF","NI"
0,"CF","NI"
0,"CF","NI"
0,"CF","NI"
0,"CF","NI"
0,"CF","NI"
0,"CF","NI"
0,"CF","NI"
1,"CF","NI"
0,"CF","NI"
0,"CF","NI"
0,"CF","NI"
0,"CF","NI"
0,"CF","NI"
0,"CF","NI"
1,"CF","NI"
0,"CF","NI"
0,"CF","NI"
0,"CF","NI"
1,"CF","NI"
0,"CF","NI"
0,"CF","NI"
0,"CF","NI"
0,"CF","NI"
0,"CF","NI"
0,"CF","NI"
1,"CF","NI"
0,"CF","NI"
0,"CF","NI"
0,"CF","NI"
0,"CF","NI"
0,"CF","NI"
0,"CF","NI"
0,"CF","NI"
0,"CF","NI"
0,"CF","NI"
0,"CF","NI"
0,"CF","NI"
0,"CF","NI"
0,"CF","NI"
0,"CF","NI"
1,"CF","NI"
0,"CF","NI"
0,"CF","NI"
0,"CF","NI"
0,"CF","NI"
0,"CF","NI"
0,"CF","NI"
0,"CF","NI"
0,"CF","NI"
0,"CF","NI"
0,"CF","NI"
0,"CF","NI"
0,"CF","NI"
0,"CF","NI"
0,"CF","NI"
0,"CF","NI"
0,"CF","NI"
0,"CF","NI"
0,"CF","NI"
1,"CF","NI"
0,"CF","NI"
0,"CF","NI"
0,"CF","NI"
1,"CF","NI"
1,"CF","NI"
0,"CF","NI"
0,"CF","NI"
0,"CF","NI"
0,"CF","NI"
0,"CF","NI"
0,"CF","NI"
0,"CF","NI"
0,"CF","NI"
0,"CF","NI"
0,"CF","NI"
0,"CF","NI"
0,"CF","NI"
0,"CF","NI"
0,"CF","NI"
0,"CF","NI"
0,"CF","NI"
0,"CF","NI"
0,"CF","NI"
0,"CF","NI"
0,"CF","NI"
0,"CF","NI"
0,"CF","NI"
0,"CF","NI"
0,"CF","NI"
0,"CF","NI"
1,"CF","NI"
1,"CF","NI"
0,"CF","NI"
1,"CF","NI"
0,"CF","NI"
0,"CF","NI"
0,"CF","NI"
0,"CF","NI"
0,"CF","NI"
0,"CF","NI"
0,"CF","NI"
0,"CF","NI"
0,"CF","NI"
0,"CF","NI"
0,"CF","NI"
0,"CF","NI"
0,"CF","NI"
0,"CF","NI"
0,"CF","NI"
0,"CF","NI"
0,"CF","NI"
1,"CF","NI"
0,"CF","NI"
1,"CF","NI"
0,"CF","NI"
0,"CF","NI"
1,"CF","NI"
1,"CF","NI"
1,"CF","NI"
0,"CF","NI"
0,"CF","NI"
0,"CF","NI"
0,"CF","NI"
0,"CF","NI"
1,"CF","NI"
0,"CF","NI"
0,"CF","NI"
0,"CF","NI"
0,"CF","NI"
0,"CF","NI"
0,"CF","NI"
0,"CF","NI"
0,"CF","NI"
1,"CF","NI"
0,"CF","NI"
0,"CF","NI"
0,"CF","NI"
0,"CF","NI"
0,"CF","NI"
1,"CF","NI"
1,"CF","NI"
0,"CF","NI"
0,"CF","NI"
0,"CF","NI"
0,"CF","NI"
0,"CF","NI"
0,"CF","NI"
0,"CF","NI"
0,"CF","NI"
0,"CF","NI"
0,"CF","NI"
0,"CF","NI"
0,"CF","NI"
1,"CF","NI"
0,"CF","NI"
0,"CF","NI"
0,"CF","NI"
0,"CF","NI"
0,"CF","NI"
0,"CF","NI"
1,"CF","NI"
0,"CF","NI"
0,"CF","NI"
0,"CF","NI"
0,"CF","NI"
0,"CF","NI"
0,"CF","NI"
0,"CF","NI"
0,"CF","NI"
0,"CF","NI"
0,"CF","NI"
1,"CF","NI"
1,"CF","NI"
0,"CF","NI"
0,"CF","NI"
0,"CF","NI"
0,"CF","NI"
0,"CF","NI"
0,"CF","NI"
0,"CF","NI"
0,"CF","NI"
0,"CF","NI"
0,"CF","NI"
0,"CF","NI"
0,"CF","NI"
0,"CF","NI"
0,"CF","NI"
0,"CF","NI"
0,"CF","NI"
0,"CF","NI"
0,"CF","NI"
0,"CF","NI"
0,"CF","NI"
0,"CF","NI"
1,"CF","NI"
0,"CF","NI"
0,"CF","NI"
0,"CF","NI"
0,"CF","NI"
0,"CF","NI"
1,"CF","NI"
0,"CF","NI"
0,"CF","NI"
0,"CF","NI"
0,"CF","NI"
0,"CF","NI"
0,"CF","NI"
0,"CF","NI"
0,"CF","NI"
0,"CF","NI"
1,"CF","NI"
0,"CF","NI"
1,"CF","NI"
0,"CF","NI"
0,"CF","NI"
0,"CF","NI"
0,"CF","NI"
0,"CF","NI"
0,"CF","NI"
0,"CF","NI"
0,"CF","NI"
0,"CF","NI"
0,"CF","NI"
0,"CF","NI"
1,"CF","NI"
0,"CF","NI"
0,"CF","NI"
0,"CF","NI"
0,"CF","NI"
0,"CF","NI"
0,"CF","NI"
0,"CF","NI"
0,"CF","NI"
0,"CF","NI"
0,"CF","NI"
0,"CF","NI"
0,"CF","NI"
0,"CF","NI"
1,"CF","NI"
0,"CF","NI"
0,"CF","NI"
1,"CF","NI"
1,"CF","NI"
0,"CF","NI"
0,"CF","NI"
1,"CF","NI"
0,"CF","NI"
0,"CF","NI"
0,"CF","NI"
0,"CF","NI"
1,"CF","NI"
0,"CF","NI"
1,"CF","NI"
0,"CF","NI"
0,"CF","NI"
0,"CF","NI"
0,"CF","NI"
0,"CF","NI"
0,"CF","NI"
0,"CF","NI"
0,"CF","NI"
0,"CF","NI"
0,"CF","NI"
0,"CF","NI"
0,"CF","NI"
0,"CF","NI"
0,"CF","NI"
0,"CF","NI"
0,"CF","NI"
0,"CF","NI"
0,"CF","NI"
0,"CF","NI"
0,"CF","NI"
0,"CF","NI"
0,"CF","NI"
0,"CF","NI"
0,"CF","NI"
0,"CF","NI"
0,"CF","NI"
0,"CF","NI"
0,"CF","NI"
0,"CF","NI"
0,"CF","NI"
0,"CF","NI"
0,"CF","NI"
0,"CF","NI"
0,"CF","NI"
0,"CF","NI"
1,"CF","NI"
0,"CF","NI"
0,"CF","NI"
0,"CF","NI"
0,"CF","NI"
0,"CF","NI"
1,"CF","NI"
0,"CF","NI"
1,"CF","NI"
1,"CF","NI"
0,"CF","NI"
0,"CF","NI"
0,"CF","NI"
0,"CF","NI"
0,"CF","NI"
1,"CF","NI"
0,"CF","NI"
0,"CF","NI"
1,"CF","NI"
0,"CF","NI"
0,"CF","NI"
0,"CF","NI"
0,"CF","NI"
0,"CF","NI"
0,"CF","NI"
0,"CF","NI"
0,"CF","NI"
0,"CF","NI"
0,"CF","NI"
0,"CF","NI"
0,"CF","NI"
0,"CF","NI"
0,"CF","NI"
0,"CF","NI"
0,"CF","NI"
0,"CF","NI"
0,"CF","NI"
0,"CF","NI"
0,"CF","NI"
0,"CF","NI"
1,"CF","NI"
0,"CF","NI"
0,"CF","NI"
0,"CF","NI"
0,"CF","NI"
0,"CF","NI"
0,"CF","NI"
0,"CF","NI"
0,"CF","NI"
0,"CF","NI"
0,"CF","NI"
0,"CF","NI"
0,"CF","NI"
0,"CF","NI"
0,"CF","NI"
0,"CF","NI"
0,"CF","NI"
0,"CF","NI"
0,"CF","NI"
0,"CF","NI"
1,"CF","NI"
0,"CF","NI"
0,"CF","NI"
0,"CF","NI"
0,"CF","NI"
0,"CF","NI"
0,"CF","NI"
0,"CF","NI"
0,"CF","NI"
0,"CF","NI"
0,"CF","NI"
0,"CF","NI"
0,"CF","NI"
0,"CF","NI"
0,"CF","NI"
0,"CBF","II"
0,"CBF","II"
1,"CBF","II"
0,"CBF","II"
0,"CBF","II"
0,"CBF","II"
0,"CBF","II"
0,"CBF","II"
0,"CBF","II"
1,"CBF","II"
0,"CBF","II"
0,"CBF","II"
0,"CBF","II"
1,"CBF","II"
0,"CBF","II"
0,"CBF","II"
0,"CBF","II"
0,"CBF","II"
1,"CBF","II"
1,"CBF","II"
0,"CBF","II"
0,"CBF","II"
0,"CBF","II"
0,"CBF","II"
0,"CBF","II"
0,"CBF","II"
0,"CBF","II"
0,"CBF","II"
0,"CBF","II"
0,"CBF","II"
0,"CBF","II"
0,"CBF","II"
1,"CBF","II"
1,"CBF","II"
0,"CBF","II"
0,"CBF","II"
0,"CBF","II"
0,"CBF","II"
1,"CBF","II"
0,"CBF","II"
0,"CBF","II"
0,"CBF","II"
0,"CBF","II"
0,"CBF","II"
0,"CBF","II"
0,"CBF","II"
0,"CBF","II"
0,"CBF","II"
0,"CBF","II"
0,"CBF","II"
0,"CBF","II"
0,"CBF","II"
0,"CBF","II"
0,"CBF","II"
1,"CBF","II"
0,"CBF","II"
0,"CBF","II"
0,"CBF","II"
0,"CBF","II"
0,"CBF","II"
0,"CBF","II"
0,"CBF","II"
0,"CBF","II"
0,"CBF","II"
0,"CBF","II"
0,"CBF","II"
0,"CBF","II"
0,"CBF","II"
0,"CBF","II"
0,"CBF","II"
0,"CBF","II"
0,"CBF","II"
0,"CBF","II"
0,"CBF","II"
0,"CBF","II"
0,"CBF","II"
0,"CBF","II"
0,"CBF","II"
0,"CBF","II"
0,"CBF","II"
0,"CBF","II"
0,"CBF","II"
0,"CBF","II"
0,"CBF","II"
0,"CBF","II"
0,"CBF","II"
0,"CBF","II"
0,"CBF","II"
0,"CBF","II"
0,"CBF","II"
0,"CBF","II"
1,"CBF","II"
0,"CBF","II"
0,"CBF","II"
0,"CBF","II"
0,"CBF","II"
0,"CBF","II"
0,"CBF","II"
0,"CBF","II"
0,"CBF","II"
0,"CBF","II"
0,"CBF","II"
0,"CBF","II"
0,"CBF","II"
0,"CBF","II"
0,"CBF","II"
0,"CBF","II"
0,"CBF","II"
0,"CBF","II"
0,"CBF","II"
0,"CBF","II"
0,"CBF","II"
0,"CBF","II"
0,"CBF","II"
0,"CBF","II"
0,"CBF","II"
0,"CBF","II"
0,"CBF","II"
0,"CBF","II"
0,"CBF","II"
0,"CBF","II"
0,"CBF","II"
0,"CBF","II"
0,"CBF","II"
0,"CBF","II"
0,"CBF","II"
0,"CBF","II"
1,"CBF","II"
0,"CBF","II"
0,"CBF","II"
0,"CBF","II"
0,"CBF","II"
1,"CBF","II"
0,"CBF","II"
1,"CBF","II"
0,"CBF","II"
0,"CBF","II"
0,"CBF","II"
0,"CBF","II"
0,"CBF","II"
0,"CBF","II"
0,"CBF","II"
0,"CBF","II"
0,"CBF","II"
1,"CBF","II"
0,"CBF","II"
0,"CBF","II"
1,"CBF","II"
0,"CBF","II"
1,"CBF","II"
1,"CBF","II"
0,"CBF","II"
0,"CBF","II"
0,"CBF","II"
1,"CBF","II"
1,"CBF","II"
0,"CBF","II"
0,"CBF","II"
0,"CBF","II"
0,"CBF","II"
0,"CBF","II"
0,"CBF","II"
0,"CBF","II"
0,"CBF","II"
0,"CBF","II"
0,"CBF","II"
0,"CBF","II"
0,"CBF","II"
0,"CBF","II"
0,"CBF","II"
0,"CBF","II"
0,"CBF","II"
0,"CBF","II"
0,"CBF","II"
0,"CBF","II"
1,"CBF","II"
1,"CBF","II"
0,"CBF","II"
0,"CBF","II"
0,"CBF","II"
0,"CBF","II"
0,"CBF","II"
0,"CBF","II"
0,"CBF","II"
0,"CBF","II"
0,"CBF","II"
0,"CBF","II"
0,"CBF","II"
0,"CBF","II"
0,"CBF","II"
1,"CBF","II"
0,"CBF","II"
0,"CBF","II"
0,"CBF","II"
0,"CBF","II"
0,"CBF","II"
1,"CBF","II"
0,"CBF","II"
0,"CBF","II"
0,"CBF","II"
0,"CBF","II"
0,"CBF","II"
0,"CBF","II"
0,"CBF","II"
0,"CBF","II"
0,"CBF","II"
0,"CBF","II"
0,"CBF","II"
0,"CBF","II"
0,"CBF","II"
0,"CBF","II"
0,"CBF","II"
0,"CBF","II"
0,"CBF","II"
0,"CBF","II"
0,"CBF","II"
0,"CBF","II"
0,"CBF","II"
0,"CBF","II"
0,"CBF","II"
0,"CBF","II"
1,"CBF","II"
0,"CBF","II"
1,"CBF","II"
0,"CBF","II"
0,"CBF","II"
1,"CBF","II"
0,"CBF","II"
0,"CBF","II"
0,"CBF","II"
0,"CBF","II"
1,"CBF","II"
0,"CBF","II"
0,"CBF","II"
0,"CBF","II"
1,"CBF","II"
0,"CBF","II"
0,"CBF","II"
0,"CBF","II"
0,"CBF","II"
0,"CBF","II"
0,"CBF","II"
0,"CBF","II"
0,"CBF","II"
0,"CBF","II"
0,"CBF","II"
0,"CBF","II"
0,"CBF","II"
0,"CBF","II"
0,"CBF","II"
0,"CBF","II"
0,"CBF","II"
0,"CBF","II"
0,"CBF","II"
0,"CBF","II"
0,"CBF","II"
0,"CBF","II"
0,"CBF","II"
1,"CBF","II"
0,"CBF","II"
1,"CBF","II"
1,"CBF","II"
0,"CBF","II"
0,"CBF","II"
0,"CBF","II"
0,"CBF","II"
0,"CBF","II"
0,"CBF","II"
0,"CBF","II"
0,"CBF","II"
0,"CBF","II"
0,"CBF","II"
0,"CBF","II"
0,"CBF","II"
0,"CBF","II"
1,"CBF","II"
0,"CBF","II"
0,"CBF","II"
0,"CBF","II"
0,"CBF","II"
0,"CBF","II"
0,"CBF","II"
0,"CBF","II"
0,"CBF","II"
0,"CBF","II"
0,"CBF","II"
0,"CBF","II"
0,"CBF","II"
0,"CBF","II"
0,"CBF","II"
0,"CBF","II"
0,"CBF","II"
0,"CBF","II"
0,"CBF","II"
0,"CBF","II"
0,"CBF","II"
0,"CBF","II"
0,"CBF","II"
0,"CBF","II"
0,"CBF","II"
0,"CBF","II"
0,"CBF","II"
0,"CBF","II"
0,"CBF","II"
0,"CBF","II"
0,"CBF","II"
0,"CBF","II"
0,"CBF","II"
0,"CBF","II"
1,"CBF","II"
0,"CBF","II"
0,"CBF","II"
0,"CBF","II"
0,"CBF","II"
0,"CBF","II"
0,"CBF","II"
0,"CBF","II"
0,"CBF","II"
0,"CBF","II"
0,"CBF","II"
0,"CBF","II"
0,"CBF","II"
0,"CBF","II"
0,"CBF","II"
1,"CBF","II"
0,"CBF","II"
0,"CBF","II"
0,"CBF","II"
0,"CBF","II"
0,"CBF","II"
0,"CBF","II"
0,"CBF","II"
0,"CBF","II"
0,"CBF","II"
0,"CBF","II"
0,"CBF","II"
0,"CBF","II"
1,"CBF","II"
0,"CBF","II"
0,"CBF","II"
0,"CBF","II"
0,"CBF","II"
0,"CBF","II"
0,"CBF","II"
0,"CBF","II"
1,"CBF","II"
1,"CBF","II"
0,"CBF","II"
0,"CBF","II"
0,"CBF","II"
0,"CBF","II"
0,"CBF","II"
0,"CBF","II"
0,"CBF","II"
0,"CBF","II"
0,"CBF","II"
0,"CBF","II"
0,"CBF","II"
0,"CBF","II"
0,"CBF","II"
0,"CBF","II"
0,"CBF","II"
0,"CBF","II"
0,"CBF","II"
0,"CBF","II"
0,"CBF","II"
0,"CBF","II"
0,"CBF","II"
0,"CBF","II"
0,"CBF","II"
0,"CBF","II"
0,"CBF","II"
0,"CBF","II"
0,"CBF","II"
0,"CBF","II"
1,"CBF","II"
0,"CBF","II"
0,"CBF","II"
0,"CBF","II"
0,"CBF","II"
0,"CBF","II"
0,"CBF","II"
1,"CBF","II"
0,"CBF","II"
0,"CBF","II"
0,"CBF","II"
1,"CBF","II"
0,"CBF","II"
0,"CBF","II"
0,"CBF","II"
0,"CBF","II"
0,"CBF","II"
0,"CBF","II"
0,"CBF","II"
1,"CBF","II"
0,"CBF","II"
0,"CBF","II"
0,"CBF","II"
1,"CBF","II"
0,"CBF","II"
0,"CBF","II"
0,"CBF","II"
0,"CBF","II"
1,"CBF","II"
0,"CBF","II"
1,"CBF","II"
0,"CBF","II"
1,"CBF","II"
0,"CBF","II"
1,"CBF","II"
0,"CBF","II"
0,"CBF","II"
0,"CBF","II"
0,"CBF","II"
0,"CBF","II"
0,"CBF","II"
0,"CBF","II"
0,"CBF","II"
0,"CBF","II"
0,"CBF","II"
0,"CBF","II"
0,"CBF","II"
0,"CBF","II"
0,"CBF","II"
0,"CBF","II"
0,"CBF","II"
0,"CBF","II"
0,"CBF","II"
1,"CBF","II"
0,"CBF","II"
0,"CBF","II"
0,"CBF","II"
0,"CBF","II"
0,"CBF","II"
0,"CBF","II"
0,"CBF","II"
0,"CBF","II"
0,"CBF","II"
0,"CBF","II"
0,"CBF","II"
0,"CBF","II"
0,"CBF","II"
0,"CBF","II"
0,"CBF","II"
0,"CBF","II"
0,"CBF","II"
0,"CBF","II"
0,"CBF","II"
0,"CBF","II"
1,"CBF","II"
0,"CBF","II"
0,"CBF","II"
0,"CBF","II"
0,"CBF","II"
1,"CBF","II"
0,"CBF","II"
0,"CBF","II"
0,"CBF","II"
0,"CBF","II"
0,"CBF","II"
0,"CBF","II"
0,"CBF","II"
0,"CBF","II"
0,"CBF","II"
0,"CBF","II"
0,"CBF","II"
0,"CBF","II"
0,"CBF","II"
0,"CBF","II"
0,"CBF","II"
0,"CBF","II"
0,"CBF","II"
0,"CBF","II"
0,"CBF","II"
1,"CBF","II"
0,"CBF","II"
0,"CBF","II"
0,"CBF","II"
0,"CBF","II"
0,"CBF","II"
0,"CBF","II"
1,"CBF","II"
0,"CBF","II"
0,"CBF","II"
0,"CBF","II"
0,"CBF","II"
0,"CBF","II"
1,"CBF","II"
0,"CBF","II"
0,"CBF","II"
0,"CBF","II"
0,"CBF","II"
0,"CBF","II"
0,"CBF","II"
0,"CBF","II"
0,"CBF","II"
0,"CBF","II"
0,"CBF","II"
0,"CBF","II"
0,"CBF","II"
0,"CBF","II"
0,"CBF","II"
0,"CBF","II"
0,"CBF","II"
0,"CBF","II"
0,"CBF","II"
0,"CBF","II"
1,"CBF","II"
1,"CBF","II"
0,"CBF","II"
0,"CBF","II"
0,"CBF","II"
0,"CBF","II"
0,"CBF","II"
1,"CBF","II"
0,"CBF","II"
0,"CBF","II"
1,"CBF","II"
0,"CBF","II"
0,"CBF","II"
0,"CBF","II"
0,"CBF","II"
0,"CBF","II"
0,"CBF","II"
1,"CBF","II"
0,"CBF","II"
0,"CBF","II"
0,"CBF","II"
0,"CBF","II"
0,"CBF","II"
0,"CBF","II"
0,"CBF","II"
0,"CBF","II"
0,"CBF","II"
0,"CBF","II"
0,"CBF","II"
0,"CBF","II"
0,"CBF","II"
0,"CBF","II"
0,"CBF","II"
0,"CBF","II"
0,"CBF","II"
1,"CBF","II"
0,"CBF","II"
0,"CBF","II"
0,"CBF","II"
0,"CBF","II"
0,"CBF","II"
0,"CBF","II"
0,"CBF","II"
0,"CBF","II"
0,"CBF","II"
1,"CBF","II"
0,"CBF","II"
0,"CBF","II"
0,"CBF","II"
0,"CBF","II"
0,"CBF","II"
0,"CBF","II"
0,"CBF","II"
0,"CBF","II"
0,"CBF","II"
0,"CBF","II"
1,"CBF","II"
0,"CBF","II"
0,"CBF","II"
0,"CBF","II"
1,"CBF","II"
1,"CBF","II"
1,"CBF","II"
0,"CBF","II"
0,"CBF","II"
0,"CBF","II"
0,"CBF","II"
0,"CBF","II"
1,"CBF","II"
0,"CBF","II"
0,"CBF","II"
0,"CBF","II"
0,"CBF","II"
1,"CBF","II"
0,"CBF","II"
0,"CBF","II"
0,"CBF","II"
0,"CBF","II"
0,"CBF","II"
0,"CBF","II"
1,"CBF","II"
1,"CBF","II"
0,"CBF","II"
0,"CBF","II"
0,"CBF","II"
0,"CBF","II"
0,"CBF","II"
0,"CBF","II"
0,"CBF","II"
0,"CBF","II"
1,"CBF","II"
1,"CBF","II"
0,"CBF","II"
0,"CBF","II"
0,"CBF","II"
0,"CBF","II"
1,"CBF","II"
0,"CBF","II"
0,"CBF","II"
0,"CBF","II"
0,"CBF","II"
0,"CBF","II"
0,"CBF","II"
0,"CBF","II"
0,"CBF","II"
0,"CBF","II"
0,"CBF","II"
0,"CBF","II"
0,"CBF","II"
0,"CBF","II"
0,"CBF","II"
0,"CBF","II"
0,"CBF","II"
0,"CBF","II"
0,"CBF","II"
0,"CBF","II"
0,"CBF","II"
1,"CBF","II"
0,"CBF","II"
0,"CBF","II"
0,"CBF","II"
1,"CBF","II"
1,"CBF","II"
0,"CBF","II"
0,"CBF","II"
0,"CBF","II"
0,"CBF","II"
0,"CBF","II"
0,"CBF","II"
0,"CBF","II"
1,"CBF","II"
0,"CBF","II"
0,"CBF","II"
0,"CBF","II"
0,"CBF","II"
0,"CBF","II"
0,"CBF","II"
0,"CBF","II"
0,"CBF","II"
1,"CBF","II"
0,"CBF","II"
0,"CBF","II"
0,"CBF","II"
0,"CBF","II"
1,"CBF","II"
1,"CBF","II"
0,"CBF","II"
0,"CBF","II"
0,"CBF","II"
0,"CBF","II"
0,"CBF","II"
0,"CBF","II"
0,"CBF","II"
0,"CBF","II"
0,"CBF","II"
0,"CBF","II"
0,"CBF","II"
0,"CBF","II"
0,"CBF","II"
0,"CBF","II"
0,"CBF","II"
0,"CBF","II"
0,"CBF","II"
0,"CBF","II"
0,"CBF","II"
0,"CBF","II"
0,"CBF","II"
0,"CBF","II"
0,"CBF","II"
1,"CBF","II"
0,"CBF","II"
0,"CBF","II"
0,"CBF","II"
0,"CBF","II"
0,"CBF","II"
1,"CBF","II"
0,"CBF","II"
0,"CBF","II"
0,"CBF","II"
0,"CBF","II"
0,"CBF","II"
0,"CBF","II"
0,"CBF","II"
0,"CBF","II"
0,"CBF","II"
1,"CBF","II"
0,"CBF","II"
0,"CBF","II"
1,"CBF","II"
0,"CBF","II"
0,"CBF","II"
0,"CBF","II"
0,"CBF","II"
0,"CBF","II"
0,"CBF","II"
0,"CBF","II"
0,"CBF","II"
0,"CBF","II"
0,"CBF","II"
0,"CBF","II"
0,"CBF","II"
0,"CBF","II"
1,"CBF","II"
0,"CBF","II"
0,"CBF","II"
0,"CBF","II"
0,"CBF","II"
0,"CBF","II"
0,"CBF","II"
0,"CBF","II"
0,"CBF","II"
0,"CBF","II"
1,"CBF","II"
0,"CBF","II"
0,"CBF","II"
0,"CBF","II"
0,"CBF","II"
0,"CBF","II"
0,"CBF","II"
0,"CBF","II"
0,"CBF","II"
1,"CBF","II"
0,"CBF","II"
0,"CBF","II"
0,"CBF","II"
0,"CBF","II"
0,"CBF","II"
0,"CBF","II"
0,"CBF","II"
0,"CBF","II"
1,"CBF","II"
0,"CBF","II"
0,"CBF","II"
0,"CBF","II"
0,"CBF","II"
0,"CBF","II"
0,"CBF","II"
0,"CBF","II"
0,"CBF","II"
0,"CBF","II"
0,"CBF","II"
0,"CBF","II"
0,"CBF","II"
0,"CBF","II"
1,"CBF","II"
0,"CBF","II"
1,"CBF","II"
0,"CBF","II"
0,"CBF","II"
0,"CBF","II"
0,"CBF","II"
0,"CBF","II"
0,"CBF","II"
0,"CBF","II"
0,"CBF","II"
0,"CBF","II"
0,"CBF","II"
0,"CBF","II"
0,"CBF","II"
1,"CBF","II"
0,"CBF","II"
0,"CBF","II"
0,"CBF","II"
0,"CBF","II"
0,"CBF","II"
0,"CBF","II"
0,"CBF","II"
0,"CBF","II"
0,"CBF","II"
0,"CBF","II"
0,"CBF","II"
1,"CBF","II"
0,"CBF","II"
0,"CBF","II"
0,"CBF","II"
0,"CBF","II"
0,"CBF","II"
0,"CBF","II"
0,"CBF","II"
0,"CBF","II"
1,"CBF","II"
0,"CBF","II"
0,"CBF","II"
0,"CBF","II"
1,"CBF","II"
0,"CBF","II"
0,"CBF","II"
0,"CBF","II"
0,"CBF","II"
0,"CBF","II"
0,"CBF","II"
0,"CBF","II"
0,"CBF","II"
0,"CBF","II"
1,"CBF","II"
0,"CBF","II"
0,"CBF","II"
0,"CBF","II"
0,"CBF","II"
0,"CBF","II"
0,"CBF","II"
0,"CBF","II"
0,"CBF","II"
1,"CBF","II"
0,"CBF","II"
0,"CBF","II"
0,"CBF","II"
0,"CBF","II"
0,"CBF","II"
1,"CBF","II"
1,"CBF","II"
0,"CBF","II"
1,"CBF","II"
0,"CBF","II"
0,"CBF","II"
0,"CBF","II"
0,"CBF","II"
0,"CBF","II"
0,"CBF","II"
1,"CBF","II"
1,"CBF","II"
0,"CBF","II"
1,"CBF","II"
0,"CBF","II"
1,"CBF","II"
0,"CBF","II"
1,"CBF","II"
0,"CBF","II"
0,"CBF","II"
0,"CBF","II"
0,"CBF","II"
0,"CBF","II"
0,"CBF","II"
0,"CBF","II"
0,"CBF","II"
1,"CBF","II"
0,"CBF","II"
0,"CBF","II"
0,"CBF","II"
0,"CBF","II"
1,"CBF","II"
0,"CBF","II"
0,"CBF","II"
0,"CBF","II"
0,"CBF","II"
0,"CBF","II"
0,"CBF","II"
0,"CBF","II"
0,"CBF","II"
1,"CBF","II"
1,"CBF","II"
0,"CBF","II"
0,"CBF","II"
0,"CBF","II"
0,"CBF","II"
0,"CBF","II"
1,"CBF","II"
0,"CBF","II"
0,"CBF","II"
0,"CBF","II"
0,"CBF","II"
0,"CBF","II"
0,"CBF","II"
0,"CBF","II"
0,"CBF","II"
0,"CBF","II"
1,"CBF","II"
0,"CBF","II"
0,"CBF","II"
1,"CBF","II"
0,"CBF","II"
0,"CBF","II"
0,"CBF","II"
0,"CBF","II"
0,"CBF","II"
0,"CBF","II"
0,"CBF","II"
0,"CBF","II"
0,"CBF","II"
0,"CBF","II"
0,"CBF","II"
0,"CBF","II"
0,"CBF","II"
0,"CBF","II"
1,"CBF","II"
0,"CBF","II"
0,"CBF","II"
0,"CBF","II"
1,"CBF","II"
0,"CBF","II"
0,"CBF","II"
0,"CBF","II"
0,"CBF","II"
0,"CBF","II"
0,"CBF","II"
0,"CBF","II"
1,"CBF","II"
0,"CBF","II"
0,"CBF","II"
0,"CBF","II"
0,"CBF","II"
0,"CBF","II"
0,"CBF","II"
0,"CBF","II"
0,"CBF","II"
0,"CBF","II"
0,"CBF","II"
0,"CBF","II"
0,"CBF","II"
0,"CBF","II"
0,"CBF","II"
0,"CBF","II"
0,"CBF","II"
1,"CBF","II"
1,"CBF","II"
0,"CBF","II"
0,"CBF","II"
0,"CBF","II"
0,"CBF","II"
0,"CBF","II"
0,"CBF","II"
0,"CBF","II"
0,"CBF","II"
1,"CBF","II"
0,"CBF","II"
0,"CBF","II"
0,"CBF","II"
0,"CBF","II"
0,"CBF","II"
0,"CBF","II"
0,"CBF","II"
0,"CBF","II"
0,"CBF","II"
1,"CBF","II"
0,"CBF","II"
0,"CBF","II"
0,"CBF","II"
0,"CBF","II"
0,"CBF","II"
0,"CBF","II"
0,"CBF","II"
0,"CBF","II"
0,"CBF","II"
0,"CBF","II"
0,"CBF","II"
0,"CBF","II"
0,"CBF","II"
0,"CBF","II"
1,"CBF","II"
0,"CBF","II"
0,"CBF","II"
0,"CBF","II"
0,"CBF","II"
0,"CBF","II"
0,"CBF","II"
0,"CBF","II"
0,"CBF","II"
0,"CBF","II"
0,"CBF","II"
0,"CBF","II"
0,"CBF","II"
0,"CBF","II"
1,"CBF","II"
0,"CBF","II"
0,"CBF","II"
0,"CBF","II"
0,"CBF","II"
0,"CBF","II"
0,"CBF","II"
0,"CBF","II"
0,"CBF","II"
0,"CBF","II"
0,"CBF","II"
0,"CBF","II"
0,"CBF","II"
0,"CBF","II"
0,"CBF","II"
0,"CBF","II"
0,"CBF","II"
1,"CBF","II"
1,"CBF","II"
0,"CBF","II"
0,"CBF","II"
0,"CBF","II"
0,"CBF","II"
0,"CBF","II"
0,"CBF","II"
0,"CBF","II"
0,"CBF","II"
0,"CBF","II"
0,"CBF","II"
0,"CBF","II"
0,"CBF","II"
0,"CBF","FI"
0,"CBF","FI"
0,"CBF","FI"
0,"CBF","FI"
0,"CBF","FI"
0,"CBF","FI"
0,"CBF","FI"
0,"CBF","FI"
1,"CBF","FI"
0,"CBF","FI"
1,"CBF","FI"
0,"CBF","FI"
0,"CBF","FI"
0,"CBF","FI"
0,"CBF","FI"
0,"CBF","FI"
0,"CBF","FI"
0,"CBF","FI"
0,"CBF","FI"
0,"CBF","FI"
0,"CBF","FI"
0,"CBF","FI"
0,"CBF","FI"
0,"CBF","FI"
0,"CBF","FI"
0,"CBF","FI"
0,"CBF","FI"
0,"CBF","FI"
0,"CBF","FI"
0,"CBF","FI"
0,"CBF","FI"
0,"CBF","FI"
0,"CBF","FI"
0,"CBF","FI"
0,"CBF","FI"
0,"CBF","FI"
0,"CBF","FI"
0,"CBF","FI"
0,"CBF","FI"
0,"CBF","FI"
0,"CBF","FI"
0,"CBF","FI"
0,"CBF","FI"
0,"CBF","FI"
0,"CBF","FI"
0,"CBF","FI"
0,"CBF","FI"
0,"CBF","FI"
0,"CBF","FI"
0,"CBF","FI"
0,"CBF","FI"
0,"CBF","FI"
0,"CBF","FI"
0,"CBF","FI"
0,"CBF","FI"
0,"CBF","FI"
0,"CBF","FI"
0,"CBF","FI"
0,"CBF","FI"
0,"CBF","FI"
0,"CBF","FI"
0,"CBF","FI"
0,"CBF","FI"
0,"CBF","FI"
0,"CBF","FI"
0,"CBF","FI"
0,"CBF","FI"
0,"CBF","FI"
0,"CBF","FI"
1,"CBF","FI"
0,"CBF","FI"
0,"CBF","FI"
1,"CBF","FI"
0,"CBF","FI"
0,"CBF","FI"
0,"CBF","FI"
0,"CBF","FI"
0,"CBF","FI"
0,"CBF","FI"
0,"CBF","FI"
1,"CBF","FI"
0,"CBF","FI"
0,"CBF","FI"
1,"CBF","FI"
1,"CBF","FI"
0,"CBF","FI"
0,"CBF","FI"
0,"CBF","FI"
0,"CBF","FI"
0,"CBF","FI"
1,"CBF","FI"
1,"CBF","FI"
0,"CBF","FI"
0,"CBF","FI"
0,"CBF","FI"
0,"CBF","FI"
0,"CBF","FI"
0,"CBF","FI"
0,"CBF","FI"
0,"CBF","FI"
0,"CBF","FI"
0,"CBF","FI"
0,"CBF","FI"
0,"CBF","FI"
0,"CBF","FI"
1,"CBF","FI"
0,"CBF","FI"
0,"CBF","FI"
0,"CBF","FI"
0,"CBF","FI"
0,"CBF","FI"
0,"CBF","FI"
0,"CBF","FI"
0,"CBF","FI"
0,"CBF","FI"
0,"CBF","FI"
0,"CBF","FI"
0,"CBF","FI"
0,"CBF","FI"
0,"CBF","FI"
1,"CBF","FI"
1,"CBF","FI"
0,"CBF","FI"
0,"CBF","FI"
0,"CBF","FI"
0,"CBF","FI"
0,"CBF","FI"
0,"CBF","FI"
0,"CBF","FI"
0,"CBF","FI"
0,"CBF","FI"
0,"CBF","FI"
0,"CBF","FI"
0,"CBF","FI"
0,"CBF","FI"
0,"CBF","FI"
1,"CBF","FI"
0,"CBF","FI"
0,"CBF","FI"
0,"CBF","FI"
0,"CBF","FI"
0,"CBF","FI"
0,"CBF","FI"
0,"CBF","FI"
0,"CBF","FI"
0,"CBF","FI"
0,"CBF","FI"
0,"CBF","FI"
0,"CBF","FI"
0,"CBF","FI"
0,"CBF","FI"
0,"CBF","FI"
0,"CBF","FI"
0,"CBF","FI"
0,"CBF","FI"
0,"CBF","FI"
0,"CBF","FI"
0,"CBF","FI"
0,"CBF","FI"
0,"CBF","FI"
0,"CBF","FI"
0,"CBF","FI"
0,"CBF","FI"
0,"CBF","FI"
0,"CBF","FI"
0,"CBF","FI"
0,"CBF","FI"
0,"CBF","FI"
1,"CBF","FI"
1,"CBF","FI"
0,"CBF","FI"
0,"CBF","FI"
0,"CBF","FI"
0,"CBF","FI"
0,"CBF","FI"
0,"CBF","FI"
1,"CBF","FI"
1,"CBF","FI"
0,"CBF","FI"
0,"CBF","FI"
0,"CBF","FI"
1,"CBF","FI"
0,"CBF","FI"
0,"CBF","FI"
0,"CBF","FI"
1,"CBF","FI"
0,"CBF","FI"
0,"CBF","FI"
0,"CBF","FI"
0,"CBF","FI"
0,"CBF","FI"
0,"CBF","FI"
0,"CBF","FI"
0,"CBF","FI"
0,"CBF","FI"
0,"CBF","FI"
0,"CBF","FI"
0,"CBF","FI"
0,"CBF","FI"
0,"CBF","FI"
0,"CBF","FI"
1,"CBF","FI"
0,"CBF","FI"
0,"CBF","FI"
0,"CBF","FI"
0,"CBF","FI"
0,"CBF","FI"
0,"CBF","FI"
0,"CBF","FI"
1,"CBF","FI"
0,"CBF","FI"
0,"CBF","FI"
0,"CBF","FI"
0,"CBF","FI"
0,"CBF","FI"
0,"CBF","FI"
0,"CBF","FI"
0,"CBF","FI"
0,"CBF","FI"
0,"CBF","FI"
0,"CBF","FI"
0,"CBF","FI"
0,"CBF","FI"
0,"CBF","FI"
0,"CBF","FI"
0,"CBF","FI"
0,"CBF","FI"
0,"CBF","FI"
0,"CBF","FI"
0,"CBF","FI"
0,"CBF","FI"
0,"CBF","FI"
0,"CBF","FI"
0,"CBF","FI"
0,"CBF","FI"
1,"CBF","FI"
0,"CBF","FI"
0,"CBF","FI"
0,"CBF","FI"
0,"CBF","FI"
0,"CBF","FI"
0,"CBF","FI"
0,"CBF","FI"
0,"CBF","FI"
0,"CBF","FI"
0,"CBF","FI"
0,"CBF","FI"
0,"CBF","FI"
1,"CBF","FI"
0,"CBF","FI"
1,"CBF","FI"
0,"CBF","FI"
0,"CBF","FI"
0,"CBF","FI"
0,"CBF","FI"
0,"CBF","FI"
0,"CBF","FI"
0,"CBF","FI"
0,"CBF","FI"
0,"CBF","FI"
0,"CBF","FI"
0,"CBF","FI"
0,"CBF","FI"
0,"CBF","FI"
0,"CBF","FI"
0,"CBF","FI"
0,"CBF","FI"
0,"CBF","FI"
1,"CBF","FI"
0,"CBF","FI"
0,"CBF","FI"
0,"CBF","FI"
0,"CBF","FI"
0,"CBF","FI"
0,"CBF","FI"
0,"CBF","FI"
1,"CBF","FI"
0,"CBF","FI"
0,"CBF","FI"
1,"CBF","FI"
0,"CBF","FI"
0,"CBF","FI"
0,"CBF","FI"
0,"CBF","FI"
0,"CBF","FI"
1,"CBF","FI"
1,"CBF","FI"
0,"CBF","FI"
1,"CBF","FI"
0,"CBF","FI"
0,"CBF","FI"
0,"CBF","FI"
0,"CBF","FI"
0,"CBF","FI"
0,"CBF","FI"
0,"CBF","FI"
0,"CBF","FI"
0,"CBF","FI"
0,"CBF","FI"
0,"CBF","FI"
0,"CBF","FI"
0,"CBF","FI"
0,"CBF","FI"
0,"CBF","FI"
0,"CBF","FI"
0,"CBF","FI"
0,"CBF","FI"
0,"CBF","FI"
0,"CBF","FI"
0,"CBF","FI"
0,"CBF","FI"
0,"CBF","FI"
0,"CBF","FI"
0,"CBF","FI"
0,"CBF","FI"
0,"CBF","FI"
0,"CBF","FI"
0,"CBF","FI"
1,"CBF","FI"
0,"CBF","FI"
0,"CBF","FI"
0,"CBF","FI"
0,"CBF","FI"
0,"CBF","FI"
0,"CBF","FI"
0,"CBF","FI"
0,"CBF","FI"
0,"CBF","FI"
0,"CBF","FI"
1,"CBF","FI"
0,"CBF","FI"
0,"CBF","FI"
0,"CBF","FI"
0,"CBF","FI"
0,"CBF","FI"
0,"CBF","FI"
0,"CBF","FI"
0,"CBF","FI"
0,"CBF","FI"
0,"CBF","FI"
0,"CBF","FI"
0,"CBF","FI"
0,"CBF","FI"
0,"CBF","FI"
0,"CBF","FI"
0,"CBF","FI"
0,"CBF","FI"
0,"CBF","FI"
0,"CBF","FI"
0,"CBF","FI"
0,"CBF","FI"
0,"CBF","FI"
0,"CBF","FI"
0,"CBF","FI"
0,"CBF","FI"
1,"CBF","FI"
0,"CBF","FI"
0,"CBF","FI"
0,"CBF","FI"
1,"CBF","FI"
0,"CBF","FI"
1,"CBF","FI"
0,"CBF","FI"
0,"CBF","FI"
0,"CBF","FI"
0,"CBF","FI"
1,"CBF","FI"
0,"CBF","FI"
0,"CBF","FI"
0,"CBF","FI"
0,"CBF","FI"
0,"CBF","FI"
0,"CBF","FI"
0,"CBF","FI"
0,"CBF","FI"
0,"CBF","FI"
0,"CBF","FI"
0,"CBF","FI"
0,"CBF","FI"
0,"CBF","FI"
0,"CBF","FI"
0,"CBF","FI"
0,"CBF","FI"
0,"CBF","FI"
0,"CBF","FI"
0,"CBF","FI"
0,"CBF","FI"
0,"CBF","FI"
0,"CBF","FI"
0,"CBF","FI"
0,"CBF","FI"
0,"CBF","FI"
0,"CBF","FI"
1,"CBF","FI"
0,"CBF","FI"
0,"CBF","FI"
0,"CBF","FI"
1,"CBF","FI"
1,"CBF","FI"
0,"CBF","FI"
0,"CBF","FI"
0,"CBF","FI"
0,"CBF","FI"
0,"CBF","FI"
0,"CBF","FI"
0,"CBF","FI"
1,"CBF","FI"
0,"CBF","FI"
0,"CBF","FI"
0,"CBF","FI"
0,"CBF","FI"
0,"CBF","FI"
0,"CBF","FI"
0,"CBF","FI"
1,"CBF","FI"
0,"CBF","FI"
0,"CBF","FI"
0,"CBF","FI"
0,"CBF","FI"
0,"CBF","FI"
1,"CBF","FI"
0,"CBF","FI"
0,"CBF","FI"
0,"CBF","FI"
0,"CBF","FI"
0,"CBF","FI"
0,"CBF","FI"
0,"CBF","FI"
0,"CBF","FI"
0,"CBF","FI"
0,"CBF","FI"
0,"CBF","FI"
0,"CBF","FI"
0,"CBF","FI"
0,"CBF","FI"
0,"CBF","FI"
0,"CBF","FI"
0,"CBF","FI"
0,"CBF","FI"
0,"CBF","FI"
0,"CBF","FI"
0,"CBF","FI"
0,"CBF","FI"
0,"CBF","FI"
0,"CBF","FI"
0,"CBF","FI"
0,"CBF","FI"
0,"CBF","FI"
1,"CBF","FI"
0,"CBF","FI"
0,"CBF","FI"
0,"CBF","FI"
0,"CBF","FI"
0,"CBF","FI"
0,"CBF","FI"
0,"CBF","FI"
0,"CBF","FI"
0,"CBF","FI"
0,"CBF","FI"
1,"CBF","FI"
0,"CBF","FI"
0,"CBF","FI"
0,"CBF","FI"
0,"CBF","FI"
0,"CBF","FI"
0,"CBF","FI"
0,"CBF","FI"
0,"CBF","FI"
0,"CBF","FI"
0,"CBF","FI"
0,"CBF","FI"
0,"CBF","FI"
0,"CBF","FI"
0,"CBF","FI"
0,"CBF","FI"
0,"CBF","FI"
0,"CBF","FI"
0,"CBF","FI"
0,"CBF","FI"
0,"CBF","FI"
0,"CBF","FI"
0,"CBF","FI"
0,"CBF","FI"
0,"CBF","FI"
0,"CBF","FI"
0,"CBF","FI"
0,"CBF","FI"
0,"CBF","FI"
0,"CBF","FI"
1,"CBF","FI"
0,"CBF","FI"
0,"CBF","FI"
0,"CBF","FI"
1,"CBF","FI"
0,"CBF","FI"
0,"CBF","FI"
0,"CBF","FI"
0,"CBF","FI"
0,"CBF","FI"
0,"CBF","FI"
0,"CBF","FI"
0,"CBF","FI"
0,"CBF","FI"
1,"CBF","FI"
1,"CBF","FI"
0,"CBF","FI"
0,"CBF","FI"
0,"CBF","FI"
0,"CBF","FI"
0,"CBF","FI"
0,"CBF","FI"
0,"CBF","FI"
0,"CBF","FI"
0,"CBF","FI"
0,"CBF","FI"
0,"CBF","FI"
0,"CBF","FI"
0,"CBF","FI"
0,"CBF","FI"
0,"CBF","FI"
0,"CBF","FI"
0,"CBF","FI"
0,"CBF","FI"
0,"CBF","FI"
0,"CBF","FI"
0,"CBF","FI"
0,"CBF","FI"
0,"CBF","FI"
0,"CBF","FI"
0,"CBF","FI"
0,"CBF","FI"
0,"CBF","FI"
1,"CBF","FI"
0,"CBF","FI"
0,"CBF","FI"
0,"CBF","FI"
0,"CBF","FI"
0,"CBF","FI"
0,"CBF","FI"
0,"CBF","FI"
0,"CBF","FI"
0,"CBF","FI"
0,"CBF","FI"
0,"CBF","FI"
1,"CBF","FI"
0,"CBF","FI"
0,"CBF","FI"
0,"CBF","FI"
0,"CBF","FI"
0,"CBF","FI"
0,"CBF","FI"
0,"CBF","FI"
0,"CBF","FI"
0,"CBF","FI"
0,"CBF","FI"
0,"CBF","FI"
0,"CBF","FI"
0,"CBF","FI"
0,"CBF","FI"
0,"CBF","FI"
0,"CBF","FI"
0,"CBF","FI"
0,"CBF","FI"
0,"CBF","FI"
0,"CBF","FI"
0,"CBF","FI"
0,"CBF","FI"
0,"CBF","FI"
0,"CBF","FI"
1,"CBF","FI"
1,"CBF","FI"
0,"CBF","FI"
0,"CBF","FI"
0,"CBF","FI"
0,"CBF","FI"
0,"CBF","FI"
0,"CBF","FI"
0,"CBF","FI"
0,"CBF","FI"
0,"CBF","FI"
0,"CBF","FI"
0,"CBF","FI"
0,"CBF","FI"
1,"CBF","FI"
1,"CBF","FI"
0,"CBF","FI"
0,"CBF","FI"
0,"CBF","FI"
1,"CBF","FI"
0,"CBF","FI"
0,"CBF","FI"
0,"CBF","FI"
0,"CBF","FI"
0,"CBF","FI"
0,"CBF","FI"
0,"CBF","FI"
0,"CBF","FI"
0,"CBF","FI"
0,"CBF","FI"
0,"CBF","FI"
0,"CBF","FI"
1,"CBF","FI"
0,"CBF","FI"
0,"CBF","FI"
0,"CBF","FI"
0,"CBF","FI"
0,"CBF","FI"
0,"CBF","FI"
0,"CBF","FI"
0,"CBF","FI"
0,"CBF","FI"
0,"CBF","FI"
0,"CBF","FI"
1,"CBF","FI"
0,"CBF","FI"
0,"CBF","FI"
0,"CBF","FI"
0,"CBF","FI"
0,"CBF","FI"
0,"CBF","FI"
0,"CBF","FI"
0,"CBF","FI"
0,"CBF","FI"
0,"CBF","FI"
0,"CBF","FI"
0,"CBF","FI"
1,"CBF","FI"
0,"CBF","FI"
0,"CBF","FI"
0,"CBF","FI"
0,"CBF","FI"
0,"CBF","FI"
0,"CBF","FI"
0,"CBF","FI"
0,"CBF","FI"
0,"CBF","FI"
0,"CBF","FI"
0,"CBF","FI"
0,"CBF","FI"
0,"CBF","FI"
0,"CBF","FI"
0,"CBF","FI"
0,"CBF","FI"
1,"CBF","FI"
0,"CBF","FI"
0,"CBF","FI"
0,"CBF","FI"
1,"CBF","FI"
0,"CBF","FI"
0,"CBF","FI"
0,"CBF","FI"
0,"CBF","FI"
0,"CBF","FI"
1,"CBF","FI"
0,"CBF","FI"
0,"CBF","FI"
0,"CBF","FI"
0,"CBF","FI"
1,"CBF","FI"
0,"CBF","FI"
1,"CBF","FI"
0,"CBF","FI"
1,"CBF","FI"
0,"CBF","FI"
0,"CBF","FI"
0,"CBF","FI"
0,"CBF","FI"
0,"CBF","FI"
0,"CBF","FI"
0,"CBF","FI"
0,"CBF","FI"
1,"CBF","FI"
0,"CBF","FI"
0,"CBF","FI"
0,"CBF","FI"
0,"CBF","FI"
0,"CBF","FI"
0,"CBF","FI"
0,"CBF","FI"
0,"CBF","FI"
0,"CBF","FI"
0,"CBF","FI"
0,"CBF","FI"
0,"CBF","FI"
0,"CBF","FI"
0,"CBF","FI"
0,"CBF","FI"
0,"CBF","FI"
0,"CBF","FI"
0,"CBF","FI"
0,"CBF","FI"
0,"CBF","FI"
0,"CBF","FI"
0,"CBF","FI"
0,"CBF","FI"
0,"CBF","FI"
0,"CBF","FI"
1,"CBF","FI"
0,"CBF","FI"
0,"CBF","FI"
1,"CBF","FI"
0,"CBF","FI"
0,"CBF","FI"
0,"CBF","FI"
0,"CBF","FI"
1,"CBF","FI"
0,"CBF","FI"
1,"CBF","FI"
0,"CBF","FI"
0,"CBF","FI"
0,"CBF","FI"
0,"CBF","FI"
0,"CBF","FI"
0,"CBF","FI"
0,"CBF","FI"
0,"CBF","FI"
0,"CBF","FI"
0,"CBF","FI"
1,"CBF","FI"
0,"CBF","FI"
0,"CBF","FI"
1,"CBF","FI"
0,"CBF","FI"
0,"CBF","FI"
0,"CBF","FI"
0,"CBF","FI"
0,"CBF","FI"
0,"CBF","FI"
1,"CBF","FI"
0,"CBF","FI"
0,"CBF","FI"
0,"CBF","FI"
0,"CBF","FI"
0,"CBF","FI"
0,"CBF","FI"
0,"CBF","FI"
0,"CBF","FI"
0,"CBF","FI"
1,"CBF","FI"
0,"CBF","FI"
0,"CBF","FI"
0,"CBF","FI"
0,"CBF","FI"
0,"CBF","FI"
0,"CBF","FI"
0,"CBF","FI"
0,"CBF","FI"
0,"CBF","FI"
1,"CBF","FI"
0,"CBF","FI"
1,"CBF","FI"
1,"CBF","FI"
0,"CBF","FI"
0,"CBF","FI"
0,"CBF","FI"
0,"CBF","FI"
0,"CBF","FI"
0,"CBF","FI"
0,"CBF","FI"
0,"CBF","FI"
0,"CBF","FI"
0,"CBF","FI"
0,"CBF","FI"
0,"CBF","FI"
0,"CBF","FI"
0,"CBF","FI"
0,"CBF","FI"
0,"CBF","FI"
0,"CBF","FI"
0,"CBF","FI"
0,"CBF","FI"
0,"CBF","FI"
0,"CBF","FI"
0,"CBF","FI"
0,"CBF","FI"
0,"CBF","FI"
0,"CBF","FI"
0,"CBF","FI"
0,"CBF","FI"
0,"CBF","FI"
0,"CBF","FI"
0,"CBF","FI"
0,"CBF","FI"
0,"CBF","FI"
0,"CBF","FI"
0,"CBF","FI"
0,"CBF","FI"
0,"CBF","FI"
0,"CBF","FI"
0,"CBF","FI"
0,"CBF","FI"
0,"CBF","FI"
0,"CBF","FI"
0,"CBF","FI"
0,"CBF","FI"
0,"CBF","FI"
0,"CBF","FI"
0,"CBF","FI"
0,"CBF","FI"
0,"CBF","FI"
0,"CBF","FI"
1,"CBF","FI"
1,"CBF","FI"
0,"CBF","FI"
1,"CBF","FI"
0,"CBF","FI"
0,"CBF","FI"
0,"CBF","FI"
0,"CBF","FI"
0,"CBF","FI"
0,"CBF","FI"
0,"CBF","FI"
0,"CBF","FI"
0,"CBF","FI"
0,"CBF","FI"
0,"CBF","FI"
0,"CBF","FI"
0,"CBF","FI"
0,"CBF","FI"
0,"CBF","FI"
0,"CBF","FI"
0,"CBF","FI"
0,"CBF","FI"
1,"CBF","FI"
0,"CBF","FI"
0,"CBF","FI"
0,"CBF","FI"
0,"CBF","FI"
0,"CBF","FI"
0,"CBF","FI"
1,"CBF","FI"
0,"CBF","FI"
0,"CBF","FI"
0,"CBF","FI"
0,"CBF","FI"
0,"CBF","FI"
0,"CBF","FI"
1,"CBF","FI"
0,"CBF","FI"
1,"CBF","FI"
0,"CBF","FI"
1,"CBF","FI"
0,"CBF","FI"
0,"CBF","FI"
0,"CBF","FI"
0,"CBF","FI"
0,"CBF","FI"
0,"CBF","FI"
0,"CBF","FI"
0,"CBF","FI"
0,"CBF","FI"
0,"CBF","FI"
0,"CBF","FI"
0,"CBF","FI"
1,"CBF","FI"
0,"CBF","FI"
0,"CBF","FI"
0,"CBF","FI"
0,"CBF","FI"
0,"CBF","FI"
1,"CBF","FI"
0,"CBF","FI"
0,"CBF","FI"
0,"CBF","FI"
1,"CBF","FI"
0,"CBF","FI"
0,"CBF","FI"
0,"CBF","FI"
0,"CBF","FI"
0,"CBF","FI"
0,"CBF","FI"
0,"CBF","FI"
0,"CBF","FI"
0,"CBF","FI"
0,"CBF","FI"
1,"CBF","FI"
0,"CBF","FI"
1,"CBF","FI"
0,"CBF","FI"
0,"CBF","FI"
0,"CBF","FI"
1,"CBF","FI"
0,"CBF","FI"
0,"CBF","FI"
1,"CBF","FI"
1,"CBF","FI"
0,"CBF","FI"
0,"CBF","FI"
0,"CBF","FI"
0,"CBF","FI"
0,"CBF","FI"
1,"CBF","FI"
1,"CBF","FI"
0,"CBF","FI"
0,"CBF","FI"
0,"CBF","FI"
0,"CBF","FI"
0,"CBF","FI"
0,"CBF","FI"
1,"CBF","FI"
1,"CBF","FI"
1,"CBF","FI"
0,"CBF","FI"
0,"CBF","FI"
0,"CBF","FI"
0,"CBF","FI"
0,"CBF","FI"
0,"CBF","FI"
0,"CBF","FI"
0,"CBF","FI"
1,"CBF","FI"
0,"CBF","FI"
0,"CBF","FI"
0,"CBF","FI"
0,"CBF","FI"
0,"CBF","FI"
0,"CBF","FI"
1,"CBF","FI"
0,"CBF","FI"
1,"CBF","FI"
1,"CBF","FI"
1,"CBF","FI"
0,"CBF","FI"
0,"CBF","FI"
0,"CBF","FI"
0,"CBF","FI"
1,"CBF","FI"
0,"CBF","FI"
0,"CBF","FI"
0,"CBF","FI"
0,"CBF","FI"
0,"CBF","FI"
0,"CBF","FI"
0,"CBF","FI"
0,"CBF","FI"
0,"CBF","FI"
1,"CBF","FI"
0,"CBF","FI"
1,"CBF","FI"
0,"CBF","FI"
0,"CBF","FI"
0,"CBF","FI"
0,"CBF","FI"
0,"CBF","FI"
1,"CBF","FI"
0,"CBF","FI"
0,"CBF","FI"
0,"CBF","FI"
0,"CBF","FI"
0,"CBF","FI"
1,"CBF","FI"
0,"CBF","FI"
0,"CBF","FI"
0,"CBF","FI"
0,"CBF","FI"
0,"CBF","FI"
0,"CBF","FI"
0,"CBF","FI"
0,"CBF","FI"
0,"CBF","FI"
0,"CBF","FI"
0,"CBF","FI"
0,"CBF","FI"
0,"CBF","FI"
1,"CBF","FI"
0,"CBF","FI"
1,"CBF","FI"
0,"CBF","FI"
0,"CBF","FI"
0,"CBF","FI"
0,"CBF","FI"
0,"CBF","FI"
0,"CBF","FI"
0,"CBF","FI"
0,"CBF","FI"
0,"CBF","FI"
0,"CBF","FI"
0,"CBF","FI"
0,"CBF","FI"
0,"CBF","FI"
0,"CBF","FI"
0,"CBF","FI"
0,"CBF","FI"
0,"CBF","FI"
0,"CBF","FI"
0,"CBF","FI"
0,"CBF","FI"
0,"CBF","FI"
0,"CBF","FI"
0,"CBF","FI"
1,"CBF","FI"
0,"CBF","FI"
0,"CBF","FI"
0,"CBF","FI"
1,"CBF","FI"
0,"CBF","FI"
0,"CBF","FI"
0,"CBF","FI"
0,"CBF","FI"
1,"CBF","FI"
0,"CBF","NI"
0,"CBF","NI"
0,"CBF","NI"
0,"CBF","NI"
0,"CBF","NI"
0,"CBF","NI"
0,"CBF","NI"
0,"CBF","NI"
0,"CBF","NI"
0,"CBF","NI"
0,"CBF","NI"
0,"CBF","NI"
0,"CBF","NI"
0,"CBF","NI"
0,"CBF","NI"
0,"CBF","NI"
1,"CBF","NI"
0,"CBF","NI"
0,"CBF","NI"
0,"CBF","NI"
0,"CBF","NI"
0,"CBF","NI"
0,"CBF","NI"
0,"CBF","NI"
0,"CBF","NI"
0,"CBF","NI"
0,"CBF","NI"
0,"CBF","NI"
0,"CBF","NI"
0,"CBF","NI"
0,"CBF","NI"
0,"CBF","NI"
0,"CBF","NI"
0,"CBF","NI"
0,"CBF","NI"
1,"CBF","NI"
0,"CBF","NI"
0,"CBF","NI"
0,"CBF","NI"
0,"CBF","NI"
0,"CBF","NI"
0,"CBF","NI"
0,"CBF","NI"
0,"CBF","NI"
0,"CBF","NI"
0,"CBF","NI"
0,"CBF","NI"
0,"CBF","NI"
1,"CBF","NI"
0,"CBF","NI"
0,"CBF","NI"
0,"CBF","NI"
1,"CBF","NI"
0,"CBF","NI"
0,"CBF","NI"
0,"CBF","NI"
0,"CBF","NI"
0,"CBF","NI"
0,"CBF","NI"
0,"CBF","NI"
0,"CBF","NI"
0,"CBF","NI"
0,"CBF","NI"
0,"CBF","NI"
0,"CBF","NI"
0,"CBF","NI"
0,"CBF","NI"
0,"CBF","NI"
0,"CBF","NI"
0,"CBF","NI"
0,"CBF","NI"
0,"CBF","NI"
0,"CBF","NI"
0,"CBF","NI"
0,"CBF","NI"
0,"CBF","NI"
0,"CBF","NI"
0,"CBF","NI"
0,"CBF","NI"
0,"CBF","NI"
0,"CBF","NI"
1,"CBF","NI"
0,"CBF","NI"
0,"CBF","NI"
0,"CBF","NI"
0,"CBF","NI"
0,"CBF","NI"
0,"CBF","NI"
0,"CBF","NI"
0,"CBF","NI"
0,"CBF","NI"
0,"CBF","NI"
0,"CBF","NI"
1,"CBF","NI"
0,"CBF","NI"
0,"CBF","NI"
0,"CBF","NI"
0,"CBF","NI"
1,"CBF","NI"
0,"CBF","NI"
0,"CBF","NI"
0,"CBF","NI"
0,"CBF","NI"
0,"CBF","NI"
0,"CBF","NI"
1,"CBF","NI"
0,"CBF","NI"
0,"CBF","NI"
0,"CBF","NI"
0,"CBF","NI"
0,"CBF","NI"
1,"CBF","NI"
0,"CBF","NI"
0,"CBF","NI"
0,"CBF","NI"
0,"CBF","NI"
0,"CBF","NI"
0,"CBF","NI"
1,"CBF","NI"
0,"CBF","NI"
0,"CBF","NI"
0,"CBF","NI"
0,"CBF","NI"
0,"CBF","NI"
0,"CBF","NI"
0,"CBF","NI"
0,"CBF","NI"
0,"CBF","NI"
0,"CBF","NI"
0,"CBF","NI"
0,"CBF","NI"
0,"CBF","NI"
0,"CBF","NI"
0,"CBF","NI"
0,"CBF","NI"
0,"CBF","NI"
0,"CBF","NI"
0,"CBF","NI"
0,"CBF","NI"
0,"CBF","NI"
0,"CBF","NI"
0,"CBF","NI"
0,"CBF","NI"
0,"CBF","NI"
0,"CBF","NI"
0,"CBF","NI"
0,"CBF","NI"
0,"CBF","NI"
0,"CBF","NI"
0,"CBF","NI"
1,"CBF","NI"
0,"CBF","NI"
0,"CBF","NI"
0,"CBF","NI"
0,"CBF","NI"
0,"CBF","NI"
1,"CBF","NI"
0,"CBF","NI"
0,"CBF","NI"
0,"CBF","NI"
0,"CBF","NI"
0,"CBF","NI"
0,"CBF","NI"
0,"CBF","NI"
0,"CBF","NI"
0,"CBF","NI"
0,"CBF","NI"
0,"CBF","NI"
0,"CBF","NI"
0,"CBF","NI"
1,"CBF","NI"
0,"CBF","NI"
0,"CBF","NI"
0,"CBF","NI"
0,"CBF","NI"
0,"CBF","NI"
0,"CBF","NI"
0,"CBF","NI"
0,"CBF","NI"
0,"CBF","NI"
0,"CBF","NI"
0,"CBF","NI"
0,"CBF","NI"
0,"CBF","NI"
0,"CBF","NI"
0,"CBF","NI"
0,"CBF","NI"
0,"CBF","NI"
0,"CBF","NI"
0,"CBF","NI"
0,"CBF","NI"
0,"CBF","NI"
1,"CBF","NI"
1,"CBF","NI"
0,"CBF","NI"
0,"CBF","NI"
0,"CBF","NI"
0,"CBF","NI"
0,"CBF","NI"
0,"CBF","NI"
1,"CBF","NI"
0,"CBF","NI"
0,"CBF","NI"
0,"CBF","NI"
0,"CBF","NI"
1,"CBF","NI"
0,"CBF","NI"
0,"CBF","NI"
0,"CBF","NI"
0,"CBF","NI"
0,"CBF","NI"
0,"CBF","NI"
0,"CBF","NI"
0,"CBF","NI"
0,"CBF","NI"
0,"CBF","NI"
0,"CBF","NI"
0,"CBF","NI"
0,"CBF","NI"
0,"CBF","NI"
0,"CBF","NI"
1,"CBF","NI"
0,"CBF","NI"
0,"CBF","NI"
0,"CBF","NI"
0,"CBF","NI"
0,"CBF","NI"
0,"CBF","NI"
0,"CBF","NI"
0,"CBF","NI"
1,"CBF","NI"
0,"CBF","NI"
0,"CBF","NI"
0,"CBF","NI"
1,"CBF","NI"
1,"CBF","NI"
0,"CBF","NI"
0,"CBF","NI"
0,"CBF","NI"
0,"CBF","NI"
0,"CBF","NI"
1,"CBF","NI"
0,"CBF","NI"
0,"CBF","NI"
0,"CBF","NI"
0,"CBF","NI"
0,"CBF","NI"
0,"CBF","NI"
0,"CBF","NI"
0,"CBF","NI"
0,"CBF","NI"
1,"CBF","NI"
0,"CBF","NI"
0,"CBF","NI"
0,"CBF","NI"
0,"CBF","NI"
0,"CBF","NI"
0,"CBF","NI"
0,"CBF","NI"
0,"CBF","NI"
0,"CBF","NI"
0,"CBF","NI"
0,"CBF","NI"
0,"CBF","NI"
0,"CBF","NI"
0,"CBF","NI"
0,"CBF","NI"
0,"CBF","NI"
0,"CBF","NI"
0,"CBF","NI"
0,"CBF","NI"
0,"CBF","NI"
0,"CBF","NI"
0,"CBF","NI"
0,"CBF","NI"
0,"CBF","NI"
0,"CBF","NI"
0,"CBF","NI"
0,"CBF","NI"
0,"CBF","NI"
0,"CBF","NI"
0,"CBF","NI"
0,"CBF","NI"
0,"CBF","NI"
0,"CBF","NI"
0,"CBF","NI"
0,"CBF","NI"
0,"CBF","NI"
0,"CBF","NI"
0,"CBF","NI"
0,"CBF","NI"
0,"CBF","NI"
0,"CBF","NI"
0,"CBF","NI"
0,"CBF","NI"
0,"CBF","NI"
0,"CBF","NI"
1,"CBF","NI"
1,"CBF","NI"
0,"CBF","NI"
0,"CBF","NI"
0,"CBF","NI"
0,"CBF","NI"
0,"CBF","NI"
0,"CBF","NI"
0,"CBF","NI"
0,"CBF","NI"
0,"CBF","NI"
1,"CBF","NI"
0,"CBF","NI"
0,"CBF","NI"
0,"CBF","NI"
0,"CBF","NI"
0,"CBF","NI"
0,"CBF","NI"
0,"CBF","NI"
0,"CBF","NI"
0,"CBF","NI"
0,"CBF","NI"
0,"CBF","NI"
0,"CBF","NI"
0,"CBF","NI"
0,"CBF","NI"
0,"CBF","NI"
0,"CBF","NI"
1,"CBF","NI"
0,"CBF","NI"
0,"CBF","NI"
0,"CBF","NI"
0,"CBF","NI"
0,"CBF","NI"
0,"CBF","NI"
1,"CBF","NI"
0,"CBF","NI"
0,"CBF","NI"
0,"CBF","NI"
0,"CBF","NI"
0,"CBF","NI"
0,"CBF","NI"
0,"CBF","NI"
0,"CBF","NI"
0,"CBF","NI"
0,"CBF","NI"
0,"CBF","NI"
0,"CBF","NI"
0,"CBF","NI"
0,"CBF","NI"
0,"CBF","NI"
0,"CBF","NI"
0,"CBF","NI"
0,"CBF","NI"
0,"CBF","NI"
0,"CBF","NI"
0,"CBF","NI"
1,"CBF","NI"
0,"CBF","NI"
0,"CBF","NI"
0,"CBF","NI"
0,"CBF","NI"
0,"CBF","NI"
0,"CBF","NI"
1,"CBF","NI"
0,"CBF","NI"
0,"CBF","NI"
0,"CBF","NI"
0,"CBF","NI"
0,"CBF","NI"
0,"CBF","NI"
0,"CBF","NI"
0,"CBF","NI"
0,"CBF","NI"
0,"CBF","NI"
0,"CBF","NI"
0,"CBF","NI"
0,"CBF","NI"
0,"CBF","NI"
1,"CBF","NI"
0,"CBF","NI"
0,"CBF","NI"
0,"CBF","NI"
0,"CBF","NI"
0,"CBF","NI"
0,"CBF","NI"
0,"CBF","NI"
0,"CBF","NI"
0,"CBF","NI"
0,"CBF","NI"
0,"CBF","NI"
0,"CBF","NI"
0,"CBF","NI"
0,"CBF","NI"
0,"CBF","NI"
0,"CBF","NI"
0,"CBF","NI"
0,"CBF","NI"
0,"CBF","NI"
0,"CBF","NI"
0,"CBF","NI"
0,"CBF","NI"
1,"CBF","NI"
0,"CBF","NI"
0,"CBF","NI"
0,"CBF","NI"
0,"CBF","NI"
0,"CBF","NI"
0,"CBF","NI"
0,"CBF","NI"
0,"CBF","NI"
1,"CBF","NI"
0,"CBF","NI"
1,"CBF","NI"
0,"CBF","NI"
0,"CBF","NI"
0,"CBF","NI"
0,"CBF","NI"
0,"CBF","NI"
0,"CBF","NI"
0,"CBF","NI"
0,"CBF","NI"
0,"CBF","NI"
0,"CBF","NI"
1,"CBF","NI"
0,"CBF","NI"
0,"CBF","NI"
0,"CBF","NI"
0,"CBF","NI"
0,"CBF","NI"
1,"CBF","NI"
1,"CBF","NI"
0,"CBF","NI"
0,"CBF","NI"
0,"CBF","NI"
0,"CBF","NI"
0,"CBF","NI"
0,"CBF","NI"
0,"CBF","NI"
0,"CBF","NI"
0,"CBF","NI"
0,"CBF","NI"
0,"CBF","NI"
0,"CBF","NI"
0,"CBF","NI"
0,"CBF","NI"
0,"CBF","NI"
0,"CBF","NI"
0,"CBF","NI"
0,"CBF","NI"
0,"CBF","NI"
0,"CBF","NI"
0,"CBF","NI"
0,"CBF","NI"
0,"CBF","NI"
0,"CBF","NI"
0,"CBF","NI"
1,"CBF","NI"
0,"CBF","NI"
0,"CBF","NI"
1,"CBF","NI"
0,"CBF","NI"
0,"CBF","NI"
0,"CBF","NI"
0,"CBF","NI"
0,"CBF","NI"
0,"CBF","NI"
1,"CBF","NI"
0,"CBF","NI"
0,"CBF","NI"
0,"CBF","NI"
0,"CBF","NI"
0,"CBF","NI"
0,"CBF","NI"
0,"CBF","NI"
0,"CBF","NI"
0,"CBF","NI"
1,"CBF","NI"
0,"CBF","NI"
0,"CBF","NI"
1,"CBF","NI"
0,"CBF","NI"
0,"CBF","NI"
0,"CBF","NI"
0,"CBF","NI"
1,"CBF","NI"
0,"CBF","NI"
0,"CBF","NI"
0,"CBF","NI"
0,"CBF","NI"
0,"CBF","NI"
0,"CBF","NI"
0,"CBF","NI"
0,"CBF","NI"
0,"CBF","NI"
0,"CBF","NI"
1,"CBF","NI"
0,"CBF","NI"
0,"CBF","NI"
1,"CBF","NI"
1,"CBF","NI"
0,"CBF","NI"
0,"CBF","NI"
0,"CBF","NI"
0,"CBF","NI"
0,"CBF","NI"
0,"CBF","NI"
0,"CBF","NI"
0,"CBF","NI"
0,"CBF","NI"
0,"CBF","NI"
0,"CBF","NI"
1,"CBF","NI"
0,"CBF","NI"
0,"CBF","NI"
0,"CBF","NI"
0,"CBF","NI"
0,"CBF","NI"
0,"CBF","NI"
0,"CBF","NI"
0,"CBF","NI"
0,"CBF","NI"
0,"CBF","NI"
0,"CBF","NI"
0,"CBF","NI"
0,"CBF","NI"
0,"CBF","NI"
0,"CBF","NI"
0,"CBF","NI"
0,"CBF","NI"
1,"CBF","NI"
0,"CBF","NI"
0,"CBF","NI"
0,"CBF","NI"
0,"CBF","NI"
0,"CBF","NI"
0,"CBF","NI"
0,"CBF","NI"
1,"CBF","NI"
0,"CBF","NI"
0,"CBF","NI"
0,"CBF","NI"
0,"CBF","NI"
0,"CBF","NI"
0,"CBF","NI"
0,"CBF","NI"
0,"CBF","NI"
0,"CBF","NI"
0,"CBF","NI"
0,"CBF","NI"
0,"CBF","NI"
0,"CBF","NI"
0,"CBF","NI"
0,"CBF","NI"
1,"CBF","NI"
0,"CBF","NI"
0,"CBF","NI"
0,"CBF","NI"
0,"CBF","NI"
0,"CBF","NI"
0,"CBF","NI"
0,"CBF","NI"
0,"CBF","NI"
0,"CBF","NI"
0,"CBF","NI"
0,"CBF","NI"
0,"CBF","NI"
0,"CBF","NI"
0,"CBF","NI"
0,"CBF","NI"
0,"CBF","NI"
1,"CBF","NI"
0,"CBF","NI"
0,"CBF","NI"
0,"CBF","NI"
0,"CBF","NI"
0,"CBF","NI"
0,"CBF","NI"
0,"CBF","NI"
0,"CBF","NI"
0,"CBF","NI"
0,"CBF","NI"
0,"CBF","NI"
0,"CBF","NI"
0,"CBF","NI"
1,"CBF","NI"
0,"CBF","NI"
0,"CBF","NI"
0,"CBF","NI"
0,"CBF","NI"
0,"CBF","NI"
0,"CBF","NI"
0,"CBF","NI"
0,"CBF","NI"
0,"CBF","NI"
0,"CBF","NI"
0,"CBF","NI"
0,"CBF","NI"
0,"CBF","NI"
0,"CBF","NI"
1,"CBF","NI"
0,"CBF","NI"
1,"CBF","NI"
0,"CBF","NI"
0,"CBF","NI"
0,"CBF","NI"
0,"CBF","NI"
0,"CBF","NI"
0,"CBF","NI"
0,"CBF","NI"
0,"CBF","NI"
0,"CBF","NI"
0,"CBF","NI"
0,"CBF","NI"
1,"CBF","NI"
0,"CBF","NI"
0,"CBF","NI"
0,"CBF","NI"
0,"CBF","NI"
0,"CBF","NI"
0,"CBF","NI"
0,"CBF","NI"
0,"CBF","NI"
0,"CBF","NI"
0,"CBF","NI"
0,"CBF","NI"
0,"CBF","NI"
0,"CBF","NI"
0,"CBF","NI"
0,"CBF","NI"
0,"CBF","NI"
0,"CBF","NI"
0,"CBF","NI"
0,"CBF","NI"
0,"CBF","NI"
0,"CBF","NI"
0,"CBF","NI"
0,"CBF","NI"
0,"CBF","NI"
0,"CBF","NI"
0,"CBF","NI"
1,"CBF","NI"
0,"CBF","NI"
0,"CBF","NI"
0,"CBF","NI"
1,"CBF","NI"
0,"CBF","NI"
0,"CBF","NI"
0,"CBF","NI"
0,"CBF","NI"
0,"CBF","NI"
0,"CBF","NI"
0,"CBF","NI"
0,"CBF","NI"
0,"CBF","NI"
0,"CBF","NI"
0,"CBF","NI"
0,"CBF","NI"
0,"CBF","NI"
0,"CBF","NI"
1,"CBF","NI"
0,"CBF","NI"
0,"CBF","NI"
0,"CBF","NI"
0,"CBF","NI"
1,"CBF","NI"
0,"CBF","NI"
0,"CBF","NI"
0,"CBF","NI"
0,"CBF","NI"
0,"CBF","NI"
0,"CBF","NI"
0,"CBF","NI"
0,"CBF","NI"
0,"CBF","NI"
0,"CBF","NI"
0,"CBF","NI"
0,"CBF","NI"
0,"CBF","NI"
0,"CBF","NI"
0,"CBF","NI"
0,"CBF","NI"
0,"CBF","NI"
0,"CBF","NI"
0,"CBF","NI"
0,"CBF","NI"
0,"CBF","NI"
0,"CBF","NI"
0,"CBF","NI"
0,"CBF","NI"
0,"CBF","NI"
0,"CBF","NI"
1,"CBF","NI"
0,"CBF","NI"
0,"CBF","NI"
0,"CBF","NI"
0,"CBF","NI"
0,"CBF","NI"
0,"CBF","NI"
0,"CBF","NI"
0,"CBF","NI"
0,"CBF","NI"
0,"CBF","NI"
0,"CBF","NI"
0,"CBF","NI"
1,"CBF","NI"
0,"CBF","NI"
0,"CBF","NI"
0,"CBF","NI"
0,"CBF","NI"
0,"CBF","NI"
0,"CBF","NI"
0,"CBF","NI"
0,"CBF","NI"
1,"CBF","NI"
1,"CBF","NI"
0,"CBF","NI"
0,"CBF","NI"
0,"CBF","NI"
0,"CBF","NI"
1,"CBF","NI"
0,"CBF","NI"
0,"CBF","NI"
0,"CBF","NI"
0,"CBF","NI"
0,"CBF","NI"
0,"CBF","NI"
0,"CBF","NI"
0,"CBF","NI"
0,"CBF","NI"
0,"CBF","NI"
1,"CBF","NI"
1,"CBF","NI"
0,"CBF","NI"
0,"CBF","NI"
0,"CBF","NI"
0,"CBF","NI"
0,"CBF","NI"
0,"CBF","NI"
0,"CBF","NI"
0,"CBF","NI"
0,"CBF","NI"
0,"CBF","NI"
0,"CBF","NI"
0,"CBF","NI"
0,"CBF","NI"
0,"CBF","NI"
0,"CBF","NI"
1,"CBF","NI"
0,"CBF","NI"
0,"CBF","NI"
0,"CBF","NI"
0,"CBF","NI"
0,"CBF","NI"
0,"CBF","NI"
0,"CBF","NI"
1,"CBF","NI"
0,"CBF","NI"
1,"CBF","NI"
1,"CBF","NI"
0,"CBF","NI"
0,"CBF","NI"
0,"CBF","NI"
0,"CBF","NI"
0,"CBF","NI"
0,"CBF","NI"
0,"CBF","NI"
0,"CBF","NI"
0,"CBF","NI"
0,"CBF","NI"
0,"CBF","NI"
1,"CBF","NI"
0,"CBF","NI"
1,"CBF","NI"
0,"CBF","NI"
1,"CBF","NI"
0,"CBF","NI"
0,"CBF","NI"
0,"CBF","NI"
0,"CBF","NI"
0,"CBF","NI"
0,"CBF","NI"
0,"CBF","NI"
1,"CBF","NI"
1,"CBF","NI"
0,"CBF","NI"
0,"CBF","NI"
0,"CBF","NI"
0,"CBF","NI"
0,"CBF","NI"
0,"CBF","NI"
0,"CBF","NI"
0,"CBF","NI"
1,"CBF","NI"
0,"CBF","NI"
1,"CBF","NI"
0,"CBF","NI"
0,"CBF","NI"
0,"CBF","NI"
0,"CBF","NI"
0,"CBF","NI"
0,"CBF","NI"
0,"CBF","NI"
1,"CBF","NI"
0,"CBF","NI"
1,"CBF","NI"
0,"CBF","NI"
0,"CBF","NI"
0,"CBF","NI"
1,"CBF","NI"
0,"CBF","NI"
1,"CBF","NI"
0,"CBF","NI"
0,"CBF","NI"
0,"CBF","NI"
0,"CBF","NI"
0,"CBF","NI"
0,"CBF","NI"
0,"CBF","NI"
0,"CBF","NI"
0,"CBF","NI"
0,"CBF","NI"
0,"CBF","NI"
0,"CBF","NI"
0,"CBF","NI"
0,"CBF","NI"
0,"CBF","NI"
0,"CBF","NI"
0,"CBF","NI"
0,"CBF","NI"
0,"CBF","NI"
0,"CBF","NI"
0,"CBF","NI"
0,"CBF","NI"
0,"CBF","NI"
0,"CBF","NI"
0,"CBF","NI"
0,"CBF","NI"
0,"CBF","NI"
0,"CBF","NI"
0,"CBF","NI"
0,"CBF","NI"
0,"CBF","NI"
0,"CBF","NI"
1,"CBF","NI"
0,"CBF","NI"
0,"CBF","NI"
0,"CBF","NI"
0,"CBF","NI"
0,"CBF","NI"
0,"CBF","NI"
0,"CBF","NI"
1,"CBF","NI"
0,"CBF","NI"
0,"CBF","NI"
1,"CBF","NI"
0,"CBF","NI"
0,"CBF","NI"
0,"CBF","NI"
0,"CBF","NI"
0,"CBF","NI"
0,"CBF","NI"
0,"CBF","NI"
0,"CBF","NI"
0,"CBF","NI"
0,"CBF","NI"
0,"CBF","NI"
0,"CBF","NI"
0,"CBF","NI"
0,"CBF","NI"
0,"CBF","NI"
0,"CBF","NI"
0,"CBF","NI"
0,"CBF","NI"
0,"CBF","NI"
0,"CBF","NI"
0,"CBF","NI"
1,"CBF","NI"
1,"CBF","NI"
0,"CBF","NI"
0,"CBF","NI"
0,"CBF","NI"
0,"CBF","NI"
0,"CBF","NI"
0,"CBF","NI"
0,"CBF","NI"
0,"CBF","NI"
0,"CBF","NI"
1,"CBF","NI"
0,"CBF","NI"
0,"CBF","NI"
0,"CBF","NI"
0,"CBF","NI"
1,"CBF","NI"
0,"CBF","NI"
0,"CBF","NI"
1,"CBF","NI"
0,"CBF","NI"
0,"CBF","NI"
1,"CBF","NI"
0,"CBF","NI"
0,"CBF","NI"
0,"CBF","NI"
0,"CBF","NI"
0,"CBF","NI"
0,"CBF","NI"
0,"CBF","NI"
0,"CBF","NI"
0,"CBF","NI"
1,"CBF","NI"
0,"CBF","NI"
0,"CBF","NI"
0,"CBF","NI"
0,"CBF","NI"
0,"CBF","NI"
0,"CBF","NI"
0,"CBF","NI"
0,"CBF","NI"
0,"CBF","NI"
0,"CBF","NI"
0,"CBF","NI"
0,"CBF","NI"
1,"CBF","NI"
0,"CBF","NI"
0,"CBF","NI"
1,"CBF","NI"
0,"CBF","NI"
0,"CBF","NI"
1,"CBF","NI"
0,"CBF","NI"
0,"CBF","NI"
0,"CBF","NI"
0,"CBF","NI"
0,"CBF","NI"
0,"CBF","NI"
0,"CBF","NI"
0,"CBF","NI"
0,"CBF","NI"
0,"CBF","NI"
0,"CBF","NI"
0,"CBF","NI"
1,"CBF","NI"
0,"CBF","NI"
1,"CBF","NI"
0,"CBF","NI"
1,"CBF","NI"
0,"CBF","NI"
1,"CBF","NI"
0,"CBF","NI"
0,"CBF","NI"
0,"CBF","NI"
0,"CBF","NI"
0,"CBF","NI"
0,"CBF","NI"
0,"CBF","NI"
0,"CBF","NI"
0,"CBF","NI"
0,"CBF","NI"
0,"CBF","NI"
0,"CBF","NI"
0,"CBF","NI"
1,"CBF","NI"
0,"CBF","NI"
0,"CBF","NI"
0,"CBF","NI"
0,"CBF","NI"
0,"CBF","NI"
0,"CBF","NI"
0,"CBF","NI"
1,"CBF","NI"
0,"CBF","NI"
0,"CBF","NI"
0,"CBF","NI"
0,"CBF","NI"
0,"CBF","NI"
0,"CBF","NI"
0,"CBF","NI"
0,"CBF","NI"
1,"CBF","NI"
0,"CBF","NI"
0,"CBF","NI"
0,"CBF","NI"
0,"CBF","NI"
0,"CBF","NI"
0,"CBF","NI"
0,"CBF","NI"
0,"CBF","NI"
0,"CBF","NI"
1,"CBF","NI"
0,"CBF","NI"
0,"CBF","NI"
0,"CBF","NI"
0,"CBF","NI"
0,"CBF","NI"
0,"CBF","NI"
0,"CBF","NI"
0,"CBF","NI"
0,"CBF","NI"
0,"CBF","NI"
0,"CBF","NI"
1,"CBF","NI"
0,"CBF","NI"
0,"CBF","NI"
